Ticker,ETF_IMPLIED_LIQUIDITY,FUND_ASSETS_USD,TOTAL_NUMBER_OF_HOLDINGS_IN_PORT,FUND_EXPENSE_RATIO,AVERAGE_BID_ASK_SPREAD_%,NAV_TRACKING_ERROR,TRACKING_ERROR,FUND_BENCHMARK_PRIM,ETF_UNDL_INDEX_TICKER,REGULATORY_STRUCTURE,UK_REPORTING_STATUS,DERIVATIVES_BASED,INDEX_WEIGHTING_METHODOLOGY,FUND_INCEPT_DT,FUND_ASSET_CLASS_FOCUS,FUND_MKT_CAP_FOCUS,FUND_STRATEGY,FUND_GEO_FOCUS,GEO_FOCUS_REGION,INDUSTRY_SUBGROUP,ISSUER_INDUSTRY,ACTIVELY_MANAGED,REPLICATION_STRATEGY,LONG_COMP_NAME,FUND_CREATION_UNIT_SIZE,VOLUME_AVG_100D,PX_LAST,CRNCY,USD rate,GBp/X,Rate,PX_LAST (USD),VOLUME_AVG_100D (USD),FUND_INCEPT_DT
CSP1 LN Equity,46936260,19658.48,507,0.07,0.060264808,2.49701,5.13391,SPTR500N,SPTR500N,Open-End Investment Company,Y,N,Market Cap,15/09/2010,Equity,Large-cap,Blend,U.S.,#N/A N/A,Country Fund-U.S.,Country Fund-U.S.,N,Full,iShares Core S&P 500 UCITS ETF USD Acc,25000,56375.78,17687,GBp,1.2164,GBX,0.012164,215.144668," 12,128,948.47 ",15-Sep-10
VUSA LN Equity,228995400,17159.58,509,0.07,0.053080309,0.030387,5.11282,SPTR500N,SPTR500N,Open-End Investment Company,Y,N,Market Cap,23/05/2012,Equity,Large-cap,Blend,U.S.,#N/A N/A,Country Fund-U.S.,Country Fund-U.S.,N,Full,Vanguard S&P 500 UCITS ETF,100000,251110.5,35.535,GBP,1.2164,GBP,1.2164,43.224774," 10,854,194.61 ",23-May-12
SWDA LN Equity,14317930,8595.857,1619,0.2,0.093547002,2.5015,4.01817,NDDUWI,NDDUWI,Open-End Investment Company,Y,N,Market Cap,28/09/2009,Equity,#N/A N/A,Blend,Global,#N/A Invalid Field,Global Equity,Global Equity,N,Full,iShares Core MSCI World UCITS ETF USD Acc,200000,81088.07,3698,GBp,1.2164,GBX,0.012164,44.982472," 3,647,541.84 ",28-Sep-09
IEAC LN Equity,#N/A N/A,8115.411,1990,0.2,0.152788798,0.056884,1.81488,LECPTREU,LECPTREU,Open-End Investment Company,Y,N,Market Cap,09/03/2009,Fixed Income,#N/A N/A,Corporate,Eurozone,#N/A Invalid Field,Geo Focus-Debt,Geo Focus-Debt,N,Optimized,iShares Core EUR Corp Bond UCITS ETF EUR Dist,2500,222425.5,129.67,EUR,1.0569,EUR,1.0569,137.048223," 30,483,019.52 ",9-Mar-09
IUSA LN Equity,443360300,8008.746,508,0.4,0.049279544,2.49496,5.12411,SPTR500N,SPTR500N,Open-End Investment Company,Y,N,Market Cap,19/03/2002,Equity,Large-cap,Blend,U.S.,#N/A N/A,Country Fund-U.S.,Country Fund-U.S.,N,Full,iShares S&P 500 UCITS ETF USD Dist,200000,334129.1,1861,GBp,1.2164,GBX,0.012164,22.637204," 7,563,748.60 ",19-Mar-02
MSEU LN Equity,6874638,7606.048,#N/A N/A,0.2,0.239016399,0.236569,1.71801,SX5DU,SX5DU,FCP,Y,N,Market Cap,27/01/2015,Equity,Large-cap,Blend,Eurozone,#N/A Invalid Field,Region Fund-European,Region Fund-European,N,Full,Lyxor UCITS ETF Euro Stoxx 50 Daily Hedged C-USD,50000,10535.79,118.085,USD,1,USD,1,118.085," 1,244,118.76 ",27-Jan-15
IMEU LN Equity,10531160,6181.462,459,0.35,0.092922387,1.69692,1.75247,MSDEE15N,MSDEE15N,Open-End Investment Company,Y,N,Market Cap,06/07/2007,Equity,Large-cap,Blend,European Region,#N/A Invalid Field,Income Equity,Income Equity,N,Full,iShares MSCI Europe UCITS ETF EUR Dist,200000,196169.9,1975,GBp,1.2164,GBX,0.012164,24.0239," 4,712,766.06 ",6-Jul-07
IHYG LN Equity,#N/A N/A,6133.069,450,0.5,0.141245271,0.100705,3.16947,IBOXXMJA,IBOXXMJA,Open-End Investment Company,Y,N,Market Cap,06/09/2010,Fixed Income,#N/A N/A,Corporate,European Region,#N/A Invalid Field,Geo Focus-Debt,Geo Focus-Debt,N,Optimized,iShares EUR High Yield Corp Bond UCITS ETF EUR Dist,2500,264900.5,107.11,EUR,1.0569,EUR,1.0569,113.204559," 29,987,944.28 ",6-Sep-10
IEMB LN Equity,#N/A N/A,5944.552,344,0.45,0.170953743,0.094822,2.23124,JPEICORE,JPEICORE,Open-End Investment Company,Y,N,Market Cap,18/02/2008,Fixed Income,#N/A N/A,Government,International,#N/A Invalid Field,Emerging Market-Debt,Emerging Market-Debt,N,Optimized,iShares J.P. Morgan USD EM Bond UCITS ETF USD Dist,100000,264710.6,110.99,USD,1,USD,1,110.99," 29,380,229.49 ",18-Feb-08
IWRD LN Equity,25002930,5812.687,1595,0.5,0.100026661,2.46921,4.06015,NDDUWI,NDDUWI,Open-End Investment Company,Y,N,Market Cap,31/10/2005,Equity,Large-cap,Blend,Global,#N/A Invalid Field,Global Equity,Global Equity,N,Full,iShares MSCI World UCITS ETF USD Dist,200000,207950.5,3109,GBp,1.2164,GBX,0.012164,37.817876," 7,864,246.22 ",31-Oct-05
ISF LN Equity,109734100,5628.767,102,0.07,0.035433021,0.044706,1.82546,TUKXG,TUKXG,Open-End Investment Company,Y,N,Market Cap,27/04/2000,Equity,Large-cap,Blend,U.K.,#N/A N/A,Country Fund-U.K.,Country Fund-U.K.,N,Full,iShares Core FTSE 100 UCITS ETF GBP Dist,200000,5472572,714,GBp,1.2164,GBX,0.012164,8.685096," 47,529,813.19 ",27-Apr-00
PHAU LN Equity,#N/A N/A,5433.636,#N/A N/A,0.39,0.059050309,0.002608,4.2867,GOLDLNPM,GOLDLNPM,Exchange-Traded Commodity,Y,N,Single Asset,24/04/2007,Commodity,#N/A N/A,Precious Metals,Global,#N/A Invalid Field,Commodity,Commodity,N,Full,ETFS Physical Gold,#N/A N/A,253818.9,113.835,USD,1,USD,1,113.835," 28,893,474.48 ",24-Apr-07
LQDE LN Equity,#N/A N/A,4972.986,1573,0.2,0.293834571,0.105279,2.22521,IBOXIG,IBOXIG,Open-End Investment Company,Y,N,Market Cap,16/05/2003,Fixed Income,#N/A N/A,Corporate,U.S.,#N/A N/A,Geo Focus-Debt,Geo Focus-Debt,N,Optimized,iShares USD Corp Bond UCITS ETF USD Dist,100000,278653.8,113.85,USD,1,USD,1,113.85," 31,724,735.13 ",16-May-03
IEEM LN Equity,6211363,4395.602,852,0.75,0.103036145,2.48615,5.3184,NDUEEGF,NDUEEGF,Open-End Investment Company,Y,N,Market Cap,21/11/2005,Equity,Broad Market,Blend,International,#N/A Invalid Field,Emerging Market-Equity,Emerging Market-Equity,N,Optimized,iShares MSCI EM UCITS ETF USD Dist,200000,475283.9,2804.75,GBp,1.2164,GBX,0.012164,34.116979," 16,215,250.84 ",21-Nov-05
EMIM LN Equity,4196336,4054.956,1869,0.25,0.117233347,2.48813,5.42617,MIMUEMRN,MIMUEMRN,Open-End Investment Company,Y,N,Market Cap,02/06/2014,Equity,#N/A N/A,Blend,Global,#N/A Invalid Field,Unclassified,Unclassified,N,Optimized,iShares Core MSCI EM IMI UCITS ETF USD Acc,400000,233808.9,1852.25,GBp,1.2164,GBX,0.012164,22.530769," 5,267,894.32 ",2-Jun-14
IHYU LN Equity,#N/A N/A,3801.46,1036,0.5,0.189626718,4.45415,6.12535,IBXXHYCT,IBXXHYCT,Open-End Investment Company,Y,N,Market Cap,14/09/2011,Fixed Income,#N/A N/A,Corporate,U.S.,#N/A N/A,Geo Focus-Debt,Geo Focus-Debt,N,Optimized,iShares USD High Yield Corp Bond UCITS ETF USD Dist,2500,264406.8,104.83,USD,1,USD,1,104.83," 27,717,764.84 ",14-Sep-11
GBS LN Equity,#N/A N/A,3605.812,#N/A N/A,0.4,0.056168311,0.002802,3.83438,GOLDLNPM,GOLDLNPM,Exchange-Traded Commodity,Y,N,Single Asset,31/03/2004,Commodity,#N/A N/A,Precious Metals,Global,#N/A Invalid Field,Commodity,Commodity,N,Full,Gold Bullion Securities Ltd,#N/A N/A,153857.2,112.26,USD,1,USD,1,112.26," 17,272,009.27 ",31-Mar-04
IEML LN Equity,#N/A N/A,3520.301,226,0.5,0.370019967,0.175388,3.81729,BLCNTRUU,BLCNTRUU,Open-End Investment Company,Y,N,Market Cap,21/06/2011,Fixed Income,#N/A N/A,Government,International,#N/A Invalid Field,Emerging Market-Debt,Emerging Market-Debt,N,Optimized,iShares EM Local Govt Bond UCITS ETF USD Dist,2500,249035.1,62.01,USD,1,USD,1,62.01," 15,442,666.55 ",21-Jun-11
ITPS LN Equity,#N/A N/A,3431.365,37,0.25,0.172907838,2.58932,2.80836,BCIT1T,BCIT1T,Open-End Investment Company,Y,N,Market Cap,30/10/2006,Fixed Income,#N/A N/A,Inflation Protected,U.S.,#N/A N/A,Geo Focus-Debt,Geo Focus-Debt,N,Optimized,iShares USD TIPS UCITS ETF USD Acc,20000,23128.2,164.5,GBP,1.2164,GBP,1.2164,200.0978," 4,627,901.94 ",30-Oct-06
SGLD LN Equity,#N/A N/A,3287.252,#N/A N/A,0.29,0.052246605,0.001986,4.00982,GOLDLNPM,GOLDLNPM,Open-End Investment Company,Y,N,Single Asset,16/06/2009,Commodity,#N/A N/A,Precious Metals,Global,#N/A Invalid Field,Commodity,Commodity,N,Full,Source Physical Gold P-ETC,4375,232940.3,115.675,USD,1,USD,1,115.675," 26,945,369.20 ",16-Jun-09
VUKE LN Equity,24487130,3052.657,102,0.09,0.055631505,0.030154,1.52628,UKXNUK,UKXNUK,Open-End Investment Company,Y,N,Market Cap,23/05/2012,Equity,Large-cap,Blend,U.K.,#N/A N/A,Country Fund-U.K.,Country Fund-U.K.,N,Full,Vanguard FTSE 100 UCITS ETF,50000,495674.7,32.22,GBP,1.2164,GBP,1.2164,39.192408," 19,426,685.08 ",23-May-12
SPXS LN Equity,26343500,2944.153,504,0.05,0.055661424,0.025572,4.88964,SPTR500N,SPTR500N,Open-End Investment Company,Y,Y,Market Cap,26/05/2010,Equity,Large-cap,Blend,U.S.,#N/A N/A,Country Fund-U.S.,Country Fund-U.S.,N,Derivative,SOURCE S&P 500 UCITS ETF,2918,23598.53,394.035,USD,1,USD,1,394.035," 9,298,646.77 ",26-May-10
LSPU LN Equity,420661100,2820.911,505,0.15,0.113953582,0.015905,4.90777,SPTR500N,SPTR500N,SICAV/ICVC,Y,Y,Market Cap,18/05/2010,Equity,Large-cap,Blend,U.S.,#N/A N/A,Country Fund-U.S.,Country Fund-U.S.,N,Derivative,Lyxor UCITS ETF S&P 500 D-USD,100000,145168.4,23.1438,USD,1,USD,1,23.1438," 3,359,748.42 ",18-May-10
IWDP LN Equity,9978780,2801.747,310,0.59,0.263939749,2.6727,3.95356,TENGDNU,TENGDNU,Open-End Investment Company,Y,N,Market Cap,23/10/2006,Equity,Broad Market,Blend,Global,#N/A Invalid Field,Sector Fund-Real Estate,Sector Fund-Real Estate,N,Full,iShares Developed Markets Property Yield UCITS ETF USD Dist,200000,178098.7,2047.5,GBp,1.2164,GBX,0.012164,24.90579," 4,435,688.82 ",23-Oct-06
UDVD LN Equity,9265000,2701.517,107,0.35,0.117707828,0.095365,5.01132,SPHYDAN,SPHYDAN,Open-End Investment Company,Y,N,Market Cap,14/10/2011,Equity,Broad Market,Value,U.S.,#N/A N/A,Aggressive Growth,Aggressive Growth,N,Full,SPDR S&P US Dividend Aristocrats UCITS ETF,70000,131475,46.335,USD,1,USD,1,46.335," 6,091,894.13 ",14-Oct-11
IJPE LN Equity,6428213,2506.143,323,0.64,0.164493588,0.122169,12.4869,MXJPHEUR,MXJPHEUR,Open-End Investment Company,Y,N,Market Cap,01/10/2010,Equity,Broad Market,Blend,Japan,#N/A N/A,Country Fund-Japan,Country Fund-Japan,N,Full,iShares MSCI Japan EUR Hedged UCITS ETF Acc,160000,228720.4,44.855,EUR,1.0569,EUR,1.0569,47.4072495," 10,843,005.07 ",1-Oct-10
HSPX LN Equity,427311100,2303.572,501,0.09,0.086179492,0.0814,5.09257,SPTR500N,SPTR500N,Open-End Investment Company,Y,N,Market Cap,17/05/2010,Equity,Large-cap,Blend,U.S.,#N/A N/A,Country Fund-U.S.,Country Fund-U.S.,N,Full,HSBC S&P 500 UCITS ETF,200000,88104.14,1885.445,GBp,1.2164,GBX,0.012164,22.93455298," 2,020,629.07 ",17-May-10
IEXF LN Equity,#N/A N/A,2309.071,1231,0.2,0.251735455,0.059809,3.08012,LECFTREU,LECFTREU,Open-End Investment Company,Y,N,Market Cap,30/09/2009,Fixed Income,#N/A N/A,Corporate,Eurozone,#N/A Invalid Field,Corporate/Preferred,Corporate/Preferred,N,Optimized,iShares EUR Corp Bond ex-Financials UCITS ETF EUR Dist,2500,42444.79,117.36,EUR,1.0569,EUR,1.0569,124.037784," 5,264,757.69 ",30-Sep-09
IGLN LN Equity,#N/A N/A,2298.582,#N/A N/A,0.25,0.045963007,0.002202,4.21691,GOLDLNPM,GOLDLNPM,Debt Instrument,Y,N,Single Asset,11/04/2011,Commodity,#N/A N/A,Precious Metals,Global,#N/A Invalid Field,Commodity,Commodity,N,Full,iShares Physical Gold ETC,#N/A N/A,659062.1,23.3075,USD,1,USD,1,23.3075," 15,361,089.90 ",11-Apr-11
INAA LN Equity,123572300,2146.389,730,0.4,0.114499394,2.49212,5.00477,NDDUNA,NDDUNA,Open-End Investment Company,Y,N,Market Cap,06/06/2006,Equity,Large-cap,Blend,North American Region,#N/A Invalid Field,Region Fund-North Amer,Region Fund-North Amer,N,Full,iShares MSCI North America UCITS ETF USD Dist,200000,27952.18,3539.5,GBp,1.2164,GBX,0.012164,43.054478," 1,203,466.52 ",6-Jun-06
IJPN LN Equity,24105800,2120.399,323,0.59,0.135101043,2.50483,13.1101,NDDUJN,NDDUJN,Open-End Investment Company,Y,N,Market Cap,04/10/2004,Equity,Large-cap,Blend,Japan,#N/A N/A,Country Fund-Japan,Country Fund-Japan,N,Full,iShares MSCI Japan UCITS ETF USD Dist,600000,442187,1052.5,GBp,1.2164,GBX,0.012164,12.80261," 5,661,147.71 ",4-Oct-04
IUSE LN Equity,176104000,2087.19,506,0.45,0.113322764,0.099771,4.6794,SPXUXEN,SPXUXEN,Open-End Investment Company,Y,N,Market Cap,27/09/2010,Equity,#N/A N/A,Blend,U.S.,#N/A N/A,Country Fund-U.S.,Country Fund-U.S.,N,Full,iShares S&P 500 EUR Hedged UCITS ETF Acc,80000,115629.4,51.825,EUR,1.0569,EUR,1.0569,54.7738425," 6,333,466.54 ",27-Sep-10
ERNE LN Equity,#N/A N/A,2059.835,375,0.09,0.15463688,0.044009,0.24119,IBXXUSE1,IBXXUSE1,Open-End Investment Company,Y,N,Market Cap,17/10/2013,Fixed Income,#N/A N/A,Corporate,Eurozone,#N/A Invalid Field,Corp/Pref-Inv Grade,Corp/Pref-Inv Grade,N,Optimized,iShares EUR Ultrashort Bond UCITS ETF EUR Dist,2500,93163.84,100.5,EUR,1.0569,EUR,1.0569,106.21845," 9,895,718.68 ",17-Oct-13
IBTM LN Equity,#N/A N/A,1945.932,18,0.2,0.111160582,2.57074,2.52178,IDCOT7TR,IDCOT7TR,Open-End Investment Company,Y,N,Market Cap,30/10/2006,Fixed Income,#N/A N/A,Government,U.S.,#N/A N/A,Geo Focus-Debt,Geo Focus-Debt,N,Unknown,iShares USD Treasury Bond 7-10yr UCITS ETF USD Dist,20000,27643.02,160.07,GBP,1.2164,GBP,1.2164,194.709148," 5,382,348.87 ",30-Oct-06
IEAG LN Equity,#N/A N/A,1917.648,2603,0.25,0.14464622,0.051916,0.745045,LBEATREU,LBEATREU,Open-End Investment Company,Y,N,Market Cap,09/03/2009,Fixed Income,#N/A N/A,Aggregate,Eurozone,#N/A Invalid Field,Geo Focus-Debt,Geo Focus-Debt,N,Optimized,iShares EUR Aggregate Bond UCITS ETF EUR Dist,2500,30433.72,121.75,EUR,1.0569,EUR,1.0569,128.677575," 3,916,137.29 ",9-Mar-09
SLXX LN Equity,#N/A N/A,1856.955,329,0.2,0.264249146,0.230872,2.02938,IBXXGLAT,IBXXGLAT,Open-End Investment Company,Y,N,Market Cap,29/03/2004,Fixed Income,#N/A N/A,Corporate,Global,#N/A Invalid Field,Corp/Pref-Inv Grade,Corp/Pref-Inv Grade,N,Optimized,iShares Core  Corp Bond UCITS ETF GBP Dist,100000,65416.96,144.19,GBP,1.2164,GBP,1.2164,175.392716," 11,473,658.29 ",29-Mar-04
MINT LN Equity,#N/A N/A,1811.61,408,0.35,0.090229821,0.29939,#N/A N/A,SBMMTB3,#N/A Field Not Applicable,Open-End Investment Company,Y,N,Proprietary,22/02/2011,Fixed Income,#N/A N/A,Aggregate,U.S.,#N/A N/A,Govt/Agency-Short Term,Govt/Agency-Short Term,Y,Not Applicable,PIMCO US Dollar Short Maturity Source UCITS ETF,9898,25200.29,101.39,USD,1,USD,1,101.39," 2,555,057.40 ",22-Feb-11
IGLT LN Equity,#N/A N/A,1807.914,44,0.2,0.108930935,0.012144,1.05027,FTFIBGT,FTFIBGT,Open-End Investment Company,Y,N,Market Cap,23/10/2006,Fixed Income,#N/A N/A,Government,U.K.,#N/A N/A,Geo Focus-Debt,Geo Focus-Debt,N,Full,iShares Core UK Gilts UCITS ETF GBP Dist,250000,972226,13.0075,GBP,1.2164,GBP,1.2164,15.822323," 15,382,873.80 ",23-Oct-06
IBGX LN Equity,#N/A N/A,1802.762,13,0.2,0.096568811,1.63636,1.50569,BCEX2T,BCEX2T,Open-End Investment Company,Y,N,Market Cap,30/10/2006,Fixed Income,#N/A N/A,Government,Eurozone,#N/A Invalid Field,Geo Focus-Debt,Geo Focus-Debt,N,Full,iShares EUR Govt Bond 3-5yr UCITS ETF EUR Dist,20000,14852.01,146.625,GBP,1.2164,GBP,1.2164,178.35465," 2,648,925.05 ",30-Oct-06
IEUX LN Equity,5603933,1769.299,345,0.4,0.098630974,1.64756,1.76037,MSDE15XN,MSDE15XN,Open-End Investment Company,Y,N,Market Cap,05/06/2006,Equity,Large-cap,Blend,European Reg. ex UK,#N/A Invalid Field,Region Fund-Europe Ex UK,Region Fund-Europe Ex UK,N,Full,iShares MSCI Europe ex-UK UCITS ETF EUR Dist,200000,262854.3,2563.25,GBp,1.2164,GBX,0.012164,31.179373," 8,195,632.26 ",5-Jun-06
SJPA LN Equity,2491625,1751.874,1225,0.2,0.196135857,2.50745,13.0912,MIMUJPNN,MIMUJPNN,Open-End Investment Company,Y,N,Market Cap,28/09/2009,Equity,#N/A N/A,Blend,Japan,#N/A N/A,Country Fund-Japan,Country Fund-Japan,N,Full,iShares Core MSCI Japan IMI UCITS ETF USD Acc,250000,78512.84,2933,GBp,1.2164,GBX,0.012164,35.677012," 2,801,103.53 ",28-Sep-09
EMDD LN Equity,#N/A N/A,1711.243,297,0.55,0.483120323,0.203375,4.14399,BECLTRUU,BECLTRUU,Open-End Investment Company,Y,N,Market Cap,13/05/2011,Fixed Income,#N/A N/A,Government,International,#N/A Invalid Field,Emerging Market-Debt,Emerging Market-Debt,N,Optimized,SPDR Barclays Emerging Markets Local Bond UCITS ETF,#N/A N/A,65530.02,70.22,USD,1,USD,1,70.22," 4,601,518.00 ",13-May-11
IBTS LN Equity,#N/A N/A,1624.006,34,0.2,0.07617907,2.58085,2.09987,IDCOT1TR,IDCOT1TR,Unknown,Y,Unknown,Market Cap,05/06/2006,Fixed Income,#N/A N/A,Government,U.S.,#N/A N/A,Geo Focus-Debt,Geo Focus-Debt,N,Optimized,iShares USD Treasury Bond 1-3yr UCITS ETF USD Dist,20000,108493.2,108.76,GBP,1.2164,GBP,1.2164,132.295664," 14,353,179.93 ",5-Jun-06
SPY5 LN Equity,42795660,1618.458,507,0.09,0.047643689,0.082248,4.90371,SPTR500N,SPTR500N,Open-End Investment Company,Y,N,Market Cap,19/03/2012,Equity,Large-cap,Blend,U.S.,#N/A N/A,Country Fund-U.S.,Country Fund-U.S.,N,Full,SPDR S&P 500 UCITS ETF,15000,16780.88,227.705,USD,1,USD,1,227.705," 3,821,090.28 ",19-Mar-12
IPRP LN Equity,677360,1594.311,63,0.4,0.213725464,1.63692,1.97212,TENDPNE,TENDPNE,Open-End Investment Company,Y,N,Market Cap,07/11/2005,Equity,Broad Market,Blend,European Reg. ex UK,#N/A Invalid Field,Sector Fund-Real Estate,Sector Fund-Real Estate,N,Full,iShares European Property Yield UCITS ETF EUR Dist,100000,79927.92,3227.5,GBp,1.2164,GBX,0.012164,39.25931," 3,137,914.99 ",7-Nov-05
IFFF LN Equity,6831916,1564.254,553,0.74,0.302469763,3.06539,6.46,NDEUCFEX,NDEUCFEX,Open-End Investment Company,Y,N,Market Cap,31/10/2005,Equity,Broad Market,Blend,Asian Pacific Region ex Japan,#N/A Invalid Field,Asian Pacific Ex Japan,Asian Pacific Ex Japan,N,Full,iShares MSCI AC Far East ex-Japan UCITS ETF USD Dist,100000,84994.61,3585.5,GBp,1.2164,GBX,0.012164,43.614022," 3,706,956.79 ",31-Oct-05
CRPH LN Equity,#N/A N/A,1551.658,5341,0.25,0.326421037,0.262409,1.67182,LGCPTREH,LGCPTREH,Open-End Investment Company,Y,N,Market Cap,26/06/2013,Fixed Income,#N/A N/A,Corporate,Global,#N/A Invalid Field,Index Fund-Debt,Index Fund-Debt,N,Optimized,iShares Global Corp Bond EUR Hedged UCITS ETF Dist,2500,41811.6,105.025,EUR,1.0569,EUR,1.0569,111.0009225," 4,641,126.17 ",26-Jun-13
IBGS LN Equity,#N/A N/A,1517.68,8,0.2,0.071524777,1.63749,1.49792,BCEX6T,BCEX6T,Open-End Investment Company,Y,N,Market Cap,05/06/2006,Fixed Income,#N/A N/A,Government,Eurozone,#N/A Invalid Field,Govt/Corp Short Term,Govt/Corp Short Term,N,Full,iShares EUR Govt Bond 1-3yr UCITS ETF EUR Dist,20000,9372.22,125.305,GBP,1.2164,GBP,1.2164,152.421002," 1,428,523.16 ",5-Jun-06
IS15 LN Equity,#N/A N/A,1450.698,260,0.2,0.280096012,0.131372,1.07102,IBXXGBP1,IBXXGBP1,Open-End Investment Company,Y,N,Market Cap,30/03/2011,Fixed Income,#N/A N/A,Corporate,Global,#N/A Invalid Field,Corporate/Preferred,Corporate/Preferred,N,Optimized,iShares  Corp Bond 0-5yr UCITS ETF GBP Dist,2500,54317.05,106.87,GBP,1.2164,GBP,1.2164,129.996668," 7,061,035.52 ",30-Mar-11
MVOL LN Equity,20696280,1436.948,311,0.3,0.131861327,0.040181,3.27948,M00IWO$O,M00IWO$O,Open-End Investment Company,Y,N,Fundamentals,03/12/2012,Equity,#N/A N/A,Blend,Global,#N/A Invalid Field,Global Equity,Global Equity,N,Optimized,iShares Edge MSCI World Minimum Volatility UCITS ETF USD Acc,200000,171383.4,37.52,USD,1,USD,1,37.52," 6,430,305.17 ",3-Dec-12
IGLS LN Equity,#N/A N/A,1398.712,16,0.2,0.08635887,0.003744,0.643374,FTRFBGL,FTRFBGL,Open-End Investment Company,Y,N,Market Cap,20/04/2009,Fixed Income,#N/A N/A,Government,U.K.,#N/A N/A,Geo Focus-Debt,Geo Focus-Debt,N,Full,iShares UK Gilts 0-5yr UCITS ETF GBP Dist,20000,56443.55,133.855,GBP,1.2164,GBP,1.2164,162.821222," 9,190,207.79 ",20-Apr-09
IUAG LN Equity,#N/A N/A,1380.518,2765,0.25,0.14478174,0.102937,1.17316,LBUSTRUU,LBUSTRUU,Open-End Investment Company,Y,N,Market Cap,14/09/2011,Fixed Income,#N/A N/A,Corporate,U.S.,#N/A N/A,Corporate/Preferred,Corporate/Preferred,N,Optimized,iShares US Aggregate Bond UCITS ETF USD Dist,2500,45115.44,103.44,USD,1,USD,1,103.44," 4,666,741.11 ",14-Sep-11
SDIG LN Equity,#N/A N/A,1320.979,1276,0.2,0.164141191,0.297452,1.02165,IBXXSIG1,IBXXSIG1,Open-End Investment Company,Y,N,Market Cap,17/10/2013,Fixed Income,#N/A N/A,Corporate,U.S.,#N/A N/A,Corp/Pref-Inv Grade,Corp/Pref-Inv Grade,N,Optimized,iShares USD Short Duration Corp Bond UCITS ETF USD Dist,2500,59078.81,100.47,USD,1,USD,1,100.47," 5,935,648.04 ",17-Oct-13
EMBE LN Equity,#N/A N/A,1312.469,343,0.5,0.329833059,0.101393,2.23476,JPEIHDEU,JPEIHDEU,Open-End Investment Company,Y,N,Market Cap,09/07/2013,Fixed Income,#N/A N/A,Corporate,Global,#N/A Invalid Field,Emerging Market-Debt,Emerging Market-Debt,N,Optimized,iShares J.P. Morgan USD EM Bond EUR Hedged UCITS ETF Dist,2500,52816.04,100.055,EUR,1.0569,EUR,1.0569,105.7481295," 5,585,197.44 ",9-Jul-13
IBCI LN Equity,#N/A N/A,1255.593,37,0.25,0.171717061,1.63598,2.0044,BEIG1T,BEIG1T,Open-End Investment Company,Y,N,Market Cap,21/11/2005,Fixed Income,#N/A N/A,Inflation Protected,Eurozone,#N/A Invalid Field,Geo Focus-Debt,Geo Focus-Debt,N,Full,iShares EUR Inflation Linked Govt Bond UCITS ETF EUR Acc,20000,7802.65,178.695,GBP,1.2164,GBP,1.2164,217.364598," 1,696,019.88 ",21-Nov-05
IRCP LN Equity,#N/A N/A,1190.948,1881,0.25,0.326092982,0.064231,1.80991,BRDHTREU,BRDHTREU,Open-End Investment Company,Y,N,Market Cap,23/10/2012,Fixed Income,#N/A N/A,Corporate,European Region,#N/A Invalid Field,Corp/Pref-Inv Grade,Corp/Pref-Inv Grade,N,Optimized,iShares EUR Corp Bond Interest Rate Hedged UCITS ETF EUR Dist,2500,27354.35,97.325,EUR,1.0569,EUR,1.0569,102.8627925," 2,813,744.83 ",23-Oct-12
SPMV LN Equity,25881110,1169.941,97,0.2,0.123587936,0.057906,4.45235,SP5MVN,SP5MVN,Open-End Investment Company,Y,N,Fundamentals,03/12/2012,Equity,Large-cap,Blend,U.S.,#N/A N/A,Country Fund-U.S.,Country Fund-U.S.,N,Optimized,iShares Edge S&P 500 Minimum Volatility UCITS ETF USD Acc,100000,315781.3,43.645,USD,1,USD,1,43.645," 13,782,274.84 ",3-Dec-12
INXG LN Equity,#N/A N/A,1158.433,30,0.25,0.238015765,0.014418,1.4234,BCIU1T,BCIU1T,Open-End Investment Company,Y,N,Market Cap,23/10/2006,Fixed Income,#N/A N/A,Government,U.K.,#N/A N/A,Geo Focus-Debt,Geo Focus-Debt,N,Full,iShares  Index-Linked Gilts UCITS ETF GBP Dist,250000,438437.5,17.74,GBP,1.2164,GBP,1.2164,21.578936," 9,461,014.75 ",23-Oct-06
MIDD LN Equity,2455353,1103.998,252,0.4,0.181567556,0.049139,1.82239,FTPTT250,FTPTT250,Open-End Investment Company,Y,N,Market Cap,29/03/2004,Equity,Mid-cap,Blend,U.K.,#N/A N/A,Country Fund-U.K.,Country Fund-U.K.,N,Full,iShares FTSE 250 UCITS ETF GBP Dist,250000,434865,1775,GBp,1.2164,GBX,0.012164,21.5911," 9,389,213.70 ",29-Mar-04
VWRD LN Equity,255,1065.896,2995,0.25,0.25261568,0.206375,3.21504,TAWNT01U,TAWNT01U,Open-End Investment Company,Y,N,Market Cap,22/05/2012,Equity,Broad Market,Blend,Global,#N/A Invalid Field,Global Equity,Global Equity,N,Full,Vanguard FTSE All-World UCITS,200000,22731.13,71.17,USD,1,USD,1,71.17," 1,617,774.52 ",22-May-12
IWVL LN Equity,12363800,1065.627,405,0.3,0.299794912,0.130207,4.17076,M1WOEV,M1WOEV,Open-End Investment Company,Y,N,Fundamentals,06/10/2014,Equity,Large-cap,Blend,Global,#N/A Invalid Field,Unclassified,Unclassified,N,Optimized,iShares Edge MSCI World Value Factor UCITS ETF USD Acc,300000,206782.9,26.75,USD,1,USD,1,26.75," 5,531,442.58 ",6-Oct-14
IEGA LN Equity,#N/A N/A,1048.579,306,0.2,0.092088139,0.044616,0.5075,LEATTREU,LEATTREU,Open-End Investment Company,Y,N,Market Cap,20/04/2009,Fixed Income,#N/A N/A,Government,Eurozone,#N/A Invalid Field,Geo Focus-Debt,Geo Focus-Debt,N,Optimized,iShares Core EUR Govt Bond UCITS ETF EUR Dist,2500,66958.16,122.51,EUR,1.0569,EUR,1.0569,129.480819," 8,669,797.40 ",20-Apr-09
SGQX LN Equity,#N/A N/A,1018.827,#N/A N/A,0.45,1.00837955,0.02552,5.60511,SGQINRGH,SGQINRGH,SICAV/ICVC,Y,Y,Equal,28/08/2015,Equity,#N/A N/A,Value,Global,#N/A Invalid Field,Unclassified,Unclassified,N,Derivative,LYXOR SG Global Quality Income NTR UCITS ETF - Monthly Hedged C-GBP,#N/A N/A,55609.95,11858,GBp,1.2164,GBX,0.012164,144.240712," 8,021,218.78 ",28-Aug-15
IDP6 LN Equity,3486800,1016.026,604,0.4,0.359309298,0.07649,6.69906,SPTRSMCN,SPTRSMCN,Open-End Investment Company,Y,N,Market Cap,12/05/2008,Equity,Small-cap,Blend,U.S.,#N/A N/A,Country Fund-U.S.,Country Fund-U.S.,N,Full,iShares S&P Small Cap 600 UCITS ETF USD Dist,100000,43302.35,55.945,USD,1,USD,1,55.945," 2,422,549.97 ",12-May-08
MVEU LN Equity,4299401,1010.885,162,0.25,0.166803437,0.200259,1.6712,MAEUVOE,MAEUVOE,Open-End Investment Company,Y,N,Fundamentals,03/12/2012,Equity,Large-cap,Blend,European Region,#N/A Invalid Field,Region Fund-European,Region Fund-European,N,Optimized,iShares Edge MSCI Europe Minimum Volatility UCITS ETF EUR Acc,100000,108822,37.79,EUR,1.0569,EUR,1.0569,39.940251," 4,346,377.99 ",3-Dec-12
STHY LN Equity,#N/A N/A,1002.788,365,0.55,0.231202582,0.979732,#N/A N/A,HUCD,HUCD,Open-End Investment Company,Y,N,Market Cap,14/03/2012,Fixed Income,#N/A N/A,Corporate,U.S.,#N/A N/A,Govt/Corp High Yield,Govt/Corp High Yield,N,Optimized,PIMCO Short-Term High Yield Corporate Bond Index Source UCITS ETF USD Inc,4840,12786.86,102.255,USD,1,USD,1,102.255," 1,307,520.37 ",14-Mar-12
STHE LN Equity,#N/A N/A,1002.788,#N/A N/A,0.6,0.244573641,#N/A N/A,#N/A N/A,HUCE,HUCE,Open-End Investment Company,Y,Y,Market Cap,14/03/2012,Fixed Income,#N/A N/A,Corporate,U.S.,#N/A N/A,Govt/Corp High Yield,Govt/Corp High Yield,N,Optimized,PIMCO Short- Term High Yield Corporate Bond Source ETF,5107,30696.93,94.995,EUR,1.0569,EUR,1.0569,100.4002155," 3,081,978.39 ",14-Mar-12
STYC LN Equity,#N/A N/A,1002.788,#N/A N/A,0.55,0.2751719,0.981194,#N/A N/A,HUCD,HUCD,Open-End Investment Company,Y,N,Market Cap,14/03/2012,Fixed Income,#N/A N/A,Corporate,U.S.,#N/A N/A,Unclassified,Unclassified,N,Optimized,PIMCO Short-Term High Yield Corporate Bond Index Source UCITS ETF USD Acc,#N/A N/A,17198.1,107.905,USD,1,USD,1,107.905," 1,855,760.98 ",14-Mar-12
IUKD LN Equity,6235734,970.062,53,0.4,0.198121115,0.166042,1.99118,TFUDPG,TFUDPG,Open-End Investment Company,Y,N,Dividend,07/11/2005,Equity,Mid-cap,Blend,U.K.,#N/A N/A,Country Fund-U.K.,Country Fund-U.K.,N,Full,iShares UK Dividend UCITS ETF GBP Dist,200000,296760,916.75,GBp,1.2164,GBX,0.012164,11.151347," 3,309,273.74 ",7-Nov-05
VDEM LN Equity,38,959.3492,1001,0.25,0.209890363,0.226914,5.36259,TAWALENU,TAWALENU,Open-End Investment Company,Y,N,Market Cap,23/05/2012,Equity,#N/A N/A,Blend,International,#N/A Invalid Field,Emerging Market-Equity,Emerging Market-Equity,N,Full,Vanguard FTSE Emerging Markets UCITS ETF,200000,120913.4,49.21,USD,1,USD,1,49.21," 5,950,148.41 ",23-May-12
JPXU LN Equity,#N/A N/A,937.7554,1,0.25,0.309204796,0.179738,11.353,JN4NDUH,JN4NDUH,SICAV/ICVC,Y,N,Market Cap,12/02/2015,Equity,Large-cap,Blend,Japan,#N/A N/A,Unclassified,Unclassified,N,Optimized,LYXOR UCITS ETF JPX-NIKKEI 400 - Daily Hedged C-USD,1000,11236.16,109.795,USD,1,USD,1,109.795," 1,233,674.19 ",12-Feb-15
IUKP LN Equity,1540178,922.8712,38,0.4,0.298664869,0.502364,2.42866,TELUKNG,TELUKNG,Open-End Investment Company,Y,N,Market Cap,20/03/2007,Equity,#N/A N/A,Blend,U.K.,#N/A N/A,Sector Fund-Real Estate,Sector Fund-Real Estate,N,Full,iShares UK Property UCITS ETF GBP Dist,200000,773964.9,581.125,GBp,1.2164,GBX,0.012164,7.0688045," 5,471,006.57 ",20-Mar-07
SGLO LN Equity,#N/A N/A,876.0452,700,0.2,0.126504851,2.47676,#N/A N/A,SBG7U,SBG7U,Open-End Investment Company,Y,N,Market Cap,09/03/2009,Fixed Income,#N/A N/A,Government,Global,#N/A Invalid Field,Government/Corporate,Government/Corporate,N,Optimized,iShares Global Govt Bond UCITS ETF USD Dist,2500,30097.85,84.93,GBP,1.2164,GBP,1.2164,103.308852," 3,109,374.33 ",9-Mar-09
VDJP LN Equity,52395270,866.9714,499,0.19,0.267843644,0.147295,12.1749,TWIJPNTU,TWIJPNTU,Open-End Investment Company,Y,N,Market Cap,22/05/2013,Equity,#N/A N/A,Blend,Japan,#N/A N/A,Country Fund-Japan,Country Fund-Japan,N,Full,Vanguard FTSE Japan UCITS ETF,400000,78065.35,26.75,USD,1,USD,1,26.75," 2,088,248.11 ",22-May-13
L100 LN Equity,7074545,858.5026,101,0.15,0.055285709,9970.93,1.39335,TUKXG,TUKXG,SICAV/ICVC,Y,Y,Market Cap,15/05/2007,Equity,Large-cap,Blend,U.K.,#N/A N/A,Country Fund-U.K.,Country Fund-U.K.,N,Derivative,Lyxor UCITS ETF FTSE 100,100000,431323.7,936.25,GBp,1.2164,GBX,0.012164,11.388545," 4,912,149.37 ",15-May-07
PHAG LN Equity,#N/A N/A,854.2221,#N/A N/A,0.49,0.150992874,0.003469,15.8267,SLVRLN,SLVRLN,Exchange-Traded Commodity,Y,N,Single Asset,24/04/2007,Commodity,#N/A N/A,Precious Metals,Global,#N/A Invalid Field,Commodity,Commodity,N,Full,ETFS Physical Silver,#N/A N/A,306120.1,15.9,USD,1,USD,1,15.9," 4,867,309.59 ",24-Apr-07
CORP LN Equity,#N/A N/A,830.3978,4111,0.2,0.57049308,0.239963,1.589,LGCPTRUU,LGCPTRUU,Open-End Investment Company,Y,N,Market Cap,25/09/2012,Fixed Income,#N/A N/A,Corporate,Global,#N/A Invalid Field,Government/Corporate,Government/Corporate,N,Optimized,iShares Global Corp Bond UCITS ETF USD Dist,2500,31297.72,95.01,USD,1,USD,1,95.01," 2,973,596.38 ",25-Sep-12
CRUD LN Equity,#N/A N/A,830.2928,#N/A N/A,0.49,0.072533815,0.014621,11.921,BCOMCLTR,BCOMCLTR,Exchange-Traded Commodity,Y,Y,Single Asset,27/09/2006,Commodity,#N/A N/A,Energy,Global,#N/A Invalid Field,Commodity,Commodity,N,Derivative,ETFS WTI Crude Oil,#N/A N/A,1700250,8.09375,USD,1,USD,1,8.09375," 13,761,398.44 ",27-Sep-06
IDVY LN Equity,2664271,753.8096,32,0.4,0.120286258,1.7309,2.98995,SD3T,SD3T,Open-End Investment Company,Y,N,Dividend,31/10/2005,Equity,Broad Market,Blend,Eurozone,#N/A Invalid Field,Region Fund-Euro,Region Fund-Euro,N,Full,iShares Euro Dividend UCITS ETF EUR Dist,100000,73914.88,1884.25,GBp,1.2164,GBX,0.012164,22.920017," 1,694,130.31 ",31-Oct-05
EUN LN Equity,51401080,742.8529,51,0.35,0.131428035,1.73482,2.16375,SX5R,SX5R,Open-End Investment Company,Y,N,Market Cap,01/06/2001,Equity,Broad Market,Blend,Eurozone,#N/A Invalid Field,Region Fund-European,Region Fund-European,N,Full,iShares STOXX Europe 50 UCITS ETF EUR Dist,100000,37152.44,2681,GBp,1.2164,GBX,0.012164,32.611684," 1,211,603.63 ",1-Jun-01
XLFS LN Equity,8809137,731.8136,64,0.3,0.353687764,0.046429,6.38324,SPSUFN,SPSUFN,Open-End Investment Company,Y,Y,Market Cap,05/01/2010,Equity,Large-cap,Blend,U.S.,#N/A N/A,Financial Services,Financial Services,N,Derivative,SOURCE FINANCIAL S&P US SECTOR,7779,53316.55,160.72,USD,1,USD,1,160.72," 8,569,035.92 ",5-Jan-10
SPY4 LN Equity,25618870,707.1025,401,0.3,0.210679555,0.078965,5.85168,SP400NTR,SP400NTR,Open-End Investment Company,Y,N,Market Cap,30/01/2012,Equity,Mid-cap,Blend,U.S.,#N/A N/A,Country Fund-U.S.,Country Fund-U.S.,N,Full,SPDR S&P 400 U.S. Mid Cap UCITS ETF,70000,59443.4,47.49,USD,1,USD,1,47.49," 2,822,967.07 ",30-Jan-12
IWDE LN Equity,108108500,683.5792,1581,0.55,0.139055771,0.098259,3.46256,MXWOHEUR,MXWOHEUR,Open-End Investment Company,Y,N,Market Cap,01/10/2010,Equity,#N/A N/A,Blend,Global,#N/A Invalid Field,Global Equity,Global Equity,N,Full,iShares MSCI World EUR Hedged UCITS ETF Acc,200000,39584.54,44.31,EUR,1.0569,EUR,1.0569,46.831239," 1,853,793.05 ",1-Oct-10
IITB LN Equity,#N/A N/A,671.2004,62,0.2,0.113001155,0.058658,0.545435,LTITTREU,LTITTREU,Open-End Investment Company,Y,N,Market Cap,09/05/2012,Fixed Income,#N/A N/A,Government,Italy,#N/A N/A,Government/Agency,Government/Agency,N,Optimized,iShares Italy Govt Bond UCITS ETF EUR Dist,20000,23464.25,156.905,EUR,1.0569,EUR,1.0569,165.8328945," 3,891,144.49 ",9-May-12
IUSP LN Equity,13362240,647.6794,127,0.4,0.371020385,2.74592,5.86181,TENUDNU,TENUDNU,Open-End Investment Company,Y,N,Market Cap,06/11/2006,Equity,#N/A N/A,Blend,U.S.,#N/A N/A,Sector Fund-Real Estate,Sector Fund-Real Estate,N,Full,iShares US Property Yield UCITS ETF USD Dist,200000,60565.81,2382.25,GBp,1.2164,GBX,0.012164,28.977689," 1,755,057.21 ",6-Nov-06
SDHY LN Equity,#N/A N/A,604.017,567,0.45,0.393412004,3.64411,4.37897,IBXXSHC1,IBXXSHC1,Open-End Investment Company,Y,N,Market Cap,17/10/2013,Fixed Income,#N/A N/A,Corporate,U.S.,#N/A N/A,Corp/Pref-High Yield,Corp/Pref-High Yield,N,Optimized,iShares USD Short Duration High Yield Corp Bond UCITS ETF USD Dist,2500,47840.23,94.72,USD,1,USD,1,94.72," 4,531,426.59 ",17-Oct-13
IUFS LN Equity,307008300,601.549,63,0.15,0.254837643,0.055975,6.47002,SP5NFINL,SP5NFINL,Open-End Investment Company,Y,N,Market Cap,23/11/2015,Equity,Large-cap,Blend,U.S.,#N/A N/A,Unclassified,Unclassified,N,Full,iShares S&P 500 Financials Sector UCITS ETF USD Acc,250000,862995,6.0225,USD,1,USD,1,6.0225," 5,197,387.39 ",23-Nov-15
HYLD LN Equity,#N/A N/A,584.8027,1393,0.5,0.290875991,5.0952,5.90498,IBXXGH11,IBXXGH11,Open-End Investment Company,Y,N,Market Cap,14/11/2012,Fixed Income,#N/A N/A,Corporate,Global,#N/A Invalid Field,Global Debt,Global Debt,N,Optimized,iShares Global High Yield Corp Bond UCITS ETF USD Dist,2500,70281.83,95.86,USD,1,USD,1,95.86," 6,737,216.22 ",14-Nov-12
XLKS LN Equity,29646720,580.6854,72,0.3,0.284742589,0.063507,5.32188,SPSUTN,SPSUTN,Open-End Investment Company,Y,Y,Market Cap,05/01/2010,Equity,#N/A N/A,Blend,U.S.,#N/A N/A,Sector Fund-Technology,Sector Fund-Technology,N,Derivative,SOURCE TECHNOLOG S&P US SECTOR,10329,25372.59,117.885,USD,1,USD,1,117.885," 2,991,047.77 ",5-Jan-10
SMTC LN Equity,#N/A N/A,568.7225,#N/A N/A,0.15,#N/A N/A,0.012581,0.022931,SOFEDL01,SOFEDL01,SICAV/ICVC,Y,Y,Proprietary,24/07/2015,Money Market,#N/A N/A,Currency Focused,Eurozone,#N/A Invalid Field,Unclassified,Unclassified,Y,Derivative,Lyxor UCITS ETF Smart Cash C-USD,#N/A N/A,1412.2,1010.365,USD,1,USD,1,1010.365," 1,426,837.45 ",24-Jul-15
IEBB LN Equity,#N/A N/A,568.2117,1287,0.25,0.161052296,0.080309,1.47012,IBXX011T,IBXX011T,Open-End Investment Company,Y,N,Market Cap,04/02/2015,Fixed Income,#N/A N/A,Corporate,European Region,#N/A Invalid Field,Unclassified,Unclassified,N,Optimized,iShares EUR Corp Bond BBB-BB UCITS ETF EUR Dist,500000,254767.7,5.06625,EUR,1.0569,EUR,1.0569,5.354519625," 1,364,158.65 ",4-Feb-15
IMIB LN Equity,3327146,563.79,41,0.35,0.154617694,1.49813,2.47244,FTSEMIBN,FTSEMIBN,Open-End Investment Company,Y,N,Market Cap,09/07/2007,Equity,Large-cap,Blend,Italy,#N/A N/A,Country Fund-Italy,Country Fund-Italy,N,Full,iShares FTSE MIB UCITS ETF EUR Dist,100000,103405.3,1006.65,GBp,1.2164,GBX,0.012164,12.2448906," 1,266,186.59 ",9-Jul-07
FXC LN Equity,1444745,546.2339,52,0.74,0.298811497,3.08069,8.3349,TXIN0UNU,TXIN0UNU,Open-End Investment Company,Y,N,Market Cap,22/10/2004,Equity,Broad Market,Blend,China,#N/A N/A,Country Fund-China,Country Fund-China,N,Full,iShares China Large Cap UCITS ETF USD Dist,50000,11147.68,8487,GBp,1.2164,GBX,0.012164,103.235868," 1,150,840.42 ",22-Oct-04
EMMV LN Equity,1935495,542.1763,260,0.4,0.262415428,0.155695,5.49572,M00IEF$O,M00IEF$O,Open-End Investment Company,Y,N,Fundamentals,03/12/2012,Equity,Large-cap,Blend,International,#N/A Invalid Field,Emerging Market-Equity,Emerging Market-Equity,N,Optimized,iShares Edge MSCI EM Minimum Volatility UCITS ETF USD Acc,200000,182926.7,24.0925,USD,1,USD,1,24.0925," 4,407,161.52 ",3-Dec-12
GLTS LN Equity,#N/A N/A,538.1147,12,0.15,0.301955928,0.062271,0.398923,LF56TRGU,LF56TRGU,Open-End Investment Company,Y,N,Market Cap,17/05/2012,Fixed Income,#N/A N/A,Government,U.K.,#N/A N/A,Government/Corporate,Government/Corporate,N,Full,SPDR Barclays 1 - 5 Year Gilt UCITS ETF,#N/A N/A,74331.1,51.45,GBP,1.2164,GBP,1.2164,62.58378," 4,651,921.21 ",17-May-12
IJPD LN Equity,12052900,536.6708,320,0.64,0.175814391,0.204731,12.4944,M0JPHUSD,M0JPHUSD,Open-End Investment Company,Y,N,Market Cap,01/10/2013,Equity,Large-cap,Blend,Japan,#N/A N/A,Country Fund-Japan,Country Fund-Japan,N,Optimized,iShares MSCI Japan USD Hedged UCITS ETF Acc,300000,131802.5,31.475,USD,1,USD,1,31.475," 4,148,483.69 ",1-Oct-13
XGLD LN Equity,#N/A N/A,528.2358,#N/A N/A,0.29,0.116315716,#N/A N/A,#N/A N/A,#N/A Field Not Applicable,#N/A Field Not Applicable,Exchange-Traded Commodity,Y,N,Single Asset,15/06/2010,Commodity,#N/A N/A,Precious Metals,Global,#N/A Invalid Field,Commodity,Commodity,N,Full,db Physical Gold ETC,#N/A N/A,40155.87,115.945,USD,1,USD,1,115.945," 4,655,872.35 ",15-Jun-10
COMF LN Equity,#N/A N/A,517.0548,#N/A N/A,0.3,0.258439995,0.014239,4.41672,BCOMF3T,BCOMF3T,Open-End Investment Company,Y,Y,Market Cap,18/03/2010,Commodity,#N/A N/A,Broad Based,Global,#N/A Invalid Field,Commodity,Commodity,N,Derivative,ETFS Longer Dated All Commodities GO UCITS ETF,#N/A N/A,242204.2,14.02,USD,1,USD,1,14.02," 3,395,702.88 ",18-Mar-10
SBIO LN Equity,10471680,516.4771,180,0.4,0.309820039,0.003854,8.08183,XNBI,XNBI,Open-End Investment Company,Y,Y,Market Cap,07/11/2014,Equity,Large-cap,Blend,U.S.,#N/A N/A,Unclassified,Unclassified,N,Derivative,Source Nasdaq Biotech UCITS ETF,27555,156323.1,29.845,USD,1,USD,1,29.845," 4,665,462.92 ",7-Nov-14
IEVL LN Equity,19452980,503.8145,159,0.25,0.261984131,0.148379,1.58635,M7EUEV,M7EUEV,Open-End Investment Company,Y,N,Fundamentals,19/01/2015,Equity,Large-cap,Value,European Region,#N/A Invalid Field,Unclassified,Unclassified,N,Optimized,iShares Edge MSCI Europe Value Factor UCITS ETF EUR Acc,500000,393886.4,5.4975,EUR,1.0569,EUR,1.0569,5.81030775," 2,288,601.20 ",19-Jan-15
LTAM LN Equity,5911529,488.9305,123,0.74,0.507942471,2.4872,6.1842,MN40LAU,MN40LAU,Open-End Investment Company,Y,N,Market Cap,11/10/2007,Equity,#N/A N/A,Blend,Latin American Region,#N/A Invalid Field,Region Fund-Latin Amer,Region Fund-Latin Amer,N,Full,iShares MSCI EM Latin America UCITS ETF USD Dist,100000,70344.72,1280.25,GBp,1.2164,GBX,0.012164,15.572961," 1,095,475.58 ",11-Oct-07
HDLV LN Equity,16589380,484.6828,51,0.3,0.282489571,0.090234,5.12702,SP5LVHDN,SP5LVHDN,Open-End Exch Traded Index Fd,Y,N,Dividend,12/05/2015,Equity,Large-cap,Blend,U.S.,#N/A N/A,Unclassified,Unclassified,N,Full,PowerShares S&P 500 High Dividend Low Volatility UCITS ETF,50000,98616.49,30.45,USD,1,USD,1,30.45," 3,002,872.12 ",12-May-15
MLPD LN Equity,1469302,458.1067,37,0.5,0.545558027,0.072405,10.0449,MSMLPCT,MSMLPCT,Open-End Investment Company,Y,Y,Market Cap,20/05/2013,Equity,#N/A N/A,Blend,U.S.,#N/A N/A,Sector Fund-Energy,Sector Fund-Energy,N,Derivative,Source Morningstar US Energy Infrastructure MLP UCITS ETF B,10442,33473.92,69.065,USD,1,USD,1,69.065," 2,311,876.28 ",20-May-13
MLPS LN Equity,1338431,458.1067,37,0.5,0.351188664,0.012192,9.87448,MSMLPCT,MSMLPCT,Open-End Investment Company,Y,Y,Market Cap,20/05/2013,Equity,#N/A N/A,Blend,U.S.,#N/A N/A,Sector Fund-Energy,Sector Fund-Energy,N,Derivative,Source Morningstar US Energy Infrastructure MLP UCITS ETF A,9577,12110.34,88.78,USD,1,USD,1,88.78," 1,075,155.99 ",20-May-13
ISXF LN Equity,#N/A N/A,441.0112,407,0.2,0.321848374,0.223171,1.44523,IYJD,IYJD,Open-End Investment Company,Y,N,Market Cap,30/09/2009,Fixed Income,#N/A N/A,Corporate,U.K.,#N/A N/A,Corporate/Preferred,Corporate/Preferred,N,Optimized,iShares  Corp Bond ex-Financials UCITS ETF GBP Dist,2500,18423.65,128,GBP,1.2164,GBP,1.2164,155.6992," 2,868,547.57 ",30-Sep-09
IKOR LN Equity,4717270,440.305,110,0.74,0.642587922,2.52808,8.4312,NDEUSKO,NDEUSKO,Open-End Investment Company,Y,N,Market Cap,21/11/2005,Equity,Large-cap,Blend,South Korea,#N/A N/A,Country Fund-Korea,Country Fund-Korea,N,Full,iShares MSCI Korea UCITS ETF USD Dist,100000,67264.5,2951.75,GBp,1.2164,GBX,0.012164,35.905087," 2,415,137.72 ",21-Nov-05
R2US LN Equity,6340000,438.2518,1374,0.3,0.643708547,0.269754,6.70354,RU20N30U,RU20N30U,Open-End Investment Company,Y,N,Market Cap,30/06/2014,Equity,Small-cap,Blend,U.S.,#N/A N/A,Unclassified,Unclassified,N,Optimized,SPDR Russell 2000 U.S. Small Cap UCITS ETF,100000,94424.86,36.48,USD,1,USD,1,36.48," 3,444,618.89 ",30-Jun-14
SGBS LN Equity,#N/A N/A,431.31,#N/A N/A,0.39,0.153924933,0.002619,5.06947,GOLDLNPM,GOLDLNPM,Exchange-Traded Commodity,Y,N,Single Asset,16/12/2009,Commodity,#N/A N/A,Precious Metals,Global,#N/A Invalid Field,Commodity,Commodity,N,Full,ETFS Physical Swiss Gold,#N/A N/A,12036.71,115.03,USD,1,USD,1,115.03," 1,384,582.75 ",16-Dec-09
IAUP LN Equity,5028563,422.5531,52,0.55,0.381761008,0.067293,14.2134,SPCPGN,SPCPGN,Open-End Investment Company,Y,N,Market Cap,19/09/2011,Equity,#N/A N/A,Blend,Global,#N/A Invalid Field,Precious Metals,Precious Metals,N,Full,iShares Gold Producers UCITS ETF USD Acc,100000,195554.6,9.485,USD,1,USD,1,9.485," 1,854,835.38 ",19-Sep-11
AIGC LN Equity,#N/A N/A,388.1955,#N/A N/A,0.49,0.353983418,1.1515,4.27213,BCOMTR,BCOMTR,Exchange-Traded Commodity,Y,Y,Fundamentals,27/09/2006,Commodity,#N/A N/A,Broad Based,Global,#N/A Invalid Field,Commodity,Commodity,N,Derivative,ETFS All Commodities,#N/A N/A,128862,8.7375,USD,1,USD,1,8.7375," 1,125,931.73 ",27-Sep-06
GCVB LN Equity,#N/A N/A,380.419,242,0.5,1.047831558,0.12327,3.18138,UCBITRUS,UCBITRUS,Open-End Investment Company,Y,N,Market Cap,14/10/2014,Fixed Income,#N/A N/A,Convertible,Global,#N/A Invalid Field,Unclassified,Unclassified,N,Optimized,SPDR Thomson Reuters Global Convertible Bond UCITS ETF,100000,37829.84,32.36,USD,1,USD,1,32.36," 1,224,173.62 ",14-Oct-14
ACWD LN Equity,5567000,374.9784,1762,0.4,0.162921356,0.465551,3.03029,NDUEACWF,NDUEACWF,Open-End Investment Company,Y,N,Market Cap,13/05/2011,Equity,#N/A N/A,Blend,Global,#N/A Invalid Field,Global Equity,Global Equity,N,Optimized,SPDR MSCI ACWI UCITS ETF,80000,9531.27,105.45,USD,1,USD,1,105.45," 1,005,072.42 ",13-May-11
IJPH LN Equity,8035266,374.3744,320,0.64,0.227753923,0.171542,12.6928,M0JPHGBP,M0JPHGBP,Open-End Investment Company,Y,N,Market Cap,01/08/2012,Equity,#N/A N/A,Blend,Japan,#N/A N/A,Country Fund-Japan,Country Fund-Japan,N,Full,iShares MSCI Japan GBP Hedged UCITS ETF Acc,200000,61640.98,52.505,GBP,1.2164,GBP,1.2164,63.867082," 3,936,829.52 ",1-Aug-12
PHPT LN Equity,#N/A N/A,363.1749,#N/A N/A,0.49,0.195221733,0.003837,9.49152,PLTMLNPM,PLTMLNPM,Exchange-Traded Commodity,Y,N,Single Asset,24/04/2007,Commodity,#N/A N/A,Precious Metals,Global,#N/A Invalid Field,Commodity,Commodity,N,Full,ETFS Physical Platinum,#N/A N/A,19202.55,92.745,USD,1,USD,1,92.745," 1,780,940.50 ",24-Apr-07
OILB LN Equity,#N/A N/A,355.7478,#N/A N/A,0.49,0.284929047,#N/A N/A,#N/A N/A,#N/A Field Not Applicable,#N/A Field Not Applicable,Exchange-Traded Commodity,Y,Y,Single Asset,28/07/2005,Commodity,#N/A N/A,Energy,Global,#N/A Invalid Field,Commodity,Commodity,N,Derivative,ETFS Brent 1mth Oil Securities,#N/A N/A,145880.4,24.358,USD,1,USD,1,24.358," 3,553,354.78 ",28-Jul-05
SXLE LN Equity,60673130,351.6287,37,0.15,0.239732198,0.092907,6.97275,IXENTR,IXENTR,Open-End Investment Company,Y,N,Market Cap,07/07/2015,Equity,Large-cap,Blend,U.S.,#N/A N/A,Unclassified,Unclassified,N,Full,SPDR S&P U.S. Energy Select Sector UCITS ETF,50000,141838.6,21.125,USD,1,USD,1,21.125," 2,996,340.43 ",7-Jul-15
IESP LN Equity,#N/A N/A,343.8457,38,0.2,0.128300291,0.055978,0.782922,LETSTREU,LETSTREU,Open-End Investment Company,Y,N,Market Cap,09/05/2012,Fixed Income,#N/A N/A,Government,Spain,#N/A N/A,Government/Agency,Government/Agency,N,Optimized,iShares Spain Govt Bond UCITS ETF EUR Dist,20000,7571.89,160.85,EUR,1.0569,EUR,1.0569,170.002365," 1,287,239.21 ",9-May-12
VMID LN Equity,2015442,330.5174,250,0.1,0.37193544,0.081302,1.62043,MCXNUK,MCXNUK,Open-End Investment Company,Y,N,Market Cap,30/09/2014,Equity,Mid-cap,Blend,U.K.,#N/A N/A,Unclassified,Unclassified,N,Full,Vanguard FTSE 250 UCITS ETF,50000,42880.63,29.61,GBP,1.2164,GBP,1.2164,36.017604," 1,544,457.55 ",30-Sep-14
VERX LN Equity,3869899,294.1336,401,0.12,0.309447567,1.02746,1.65463,AWNT05EU,AWNT05EU,Open-End Investment Company,Y,N,Market Cap,30/09/2014,Equity,Large-cap,Blend,European Reg. ex UK,#N/A Invalid Field,Unclassified,Unclassified,N,Full,Vanguard FTSE Developed Europe ex UK UCITS ETF,200000,44047.72,23.7325,GBP,1.2164,GBP,1.2164,28.868213," 1,271,578.96 ",30-Sep-14
IEGY LN Equity,#N/A N/A,284.4455,24,0.2,0.069838314,0.022012,0.25069,BXIIET57,BXIIET57,Open-End Investment Company,Y,N,Market Cap,20/04/2009,Fixed Income,#N/A N/A,Government,Eurozone,#N/A Invalid Field,Geo Focus-Debt,Geo Focus-Debt,N,Full,iShares EUR Govt Bond 5-7yr UCITS ETF EUR Dist,20000,6893.74,154.975,EUR,1.0569,EUR,1.0569,163.7930775," 1,129,146.89 ",20-Apr-09
WFIN LN Equity,33205100,280.0269,267,0.3,0.354086852,#N/A N/A,#N/A N/A,NDWUFNCL,NDWUFNCL,Open-End Investment Company,N,N,Market Cap,04/05/2016,Equity,Large-cap,Blend,Global,#N/A Invalid Field,Unclassified,Unclassified,N,Full,SPDR MSCI World Financials UCITS ETF,100000,66388.86,35.405,USD,1,USD,1,35.405," 2,350,497.59 ",4-May-16
UKCO LN Equity,#N/A N/A,268.4738,648,0.2,0.645959947,0.149402,1.49792,LC61TRGU,LC61TRGU,Open-End Investment Company,Y,N,Market Cap,17/05/2012,Fixed Income,#N/A N/A,Corporate,U.K.,#N/A N/A,Government/Corporate,Government/Corporate,N,Optimized,SPDR Barclays Sterling Corporate Bond UCITS ETF,#N/A N/A,28137.14,60.705,GBP,1.2164,GBP,1.2164,73.841562," 2,077,690.37 ",17-May-12
ERNS LN Equity,#N/A N/A,266.5708,120,0.09,0.251111062,0.044338,0.249626,IBXXUSG1,IBXXUSG1,Open-End Investment Company,Y,N,Market Cap,17/10/2013,Fixed Income,#N/A N/A,Corporate,U.K.,#N/A N/A,Corp/Pref-Inv Grade,Corp/Pref-Inv Grade,N,Optimized,iShares  Ultrashort Bond UCITS ETF GBP Dist,2500,20057.39,100.255,GBP,1.2164,GBP,1.2164,121.950182," 2,446,002.36 ",17-Oct-13
IOGP LN Equity,12965530,263.5018,74,0.55,0.543742978,0.0571,7.93854,SPCPOGN,SPCPOGN,Open-End Investment Company,Y,N,Market Cap,19/09/2011,Equity,#N/A N/A,Blend,Global,#N/A Invalid Field,Sector Fund-Energy,Sector Fund-Energy,N,Full,iShares Oil & Gas Exploration & Production UCITS ETF USD Acc,100000,95906.11,19.4225,USD,1,USD,1,19.4225," 1,862,736.42 ",19-Sep-11
TRSY LN Equity,#N/A N/A,254.7341,211,0.15,0.135313329,0.075827,1.334,LUATTRUU,LUATTRUU,Open-End Investment Company,Y,N,Market Cap,03/06/2011,Fixed Income,#N/A N/A,Government,U.S.,#N/A N/A,Geo Focus-Debt,Geo Focus-Debt,N,Optimized,SPDR Barclays U.S. Treasury Bond UCITS ETF,100000,18181.34,105.96,USD,1,USD,1,105.96," 1,926,494.79 ",3-Jun-11
EMAD LN Equity,32,245.4718,499,0.55,0.252705665,0.503612,6.61786,NDUEEGFA,NDUEEGFA,Open-End Investment Company,Y,N,Market Cap,13/05/2011,Equity,#N/A N/A,Blend,Asian Pacific Region ex Japan,#N/A Invalid Field,Emerging Market-Equity,Emerging Market-Equity,N,Optimized,SPDR MSCI EM Asia UCITS ETF,100000,26350.74,49.74,USD,1,USD,1,49.74," 1,310,685.81 ",13-May-11
PHPD LN Equity,#N/A N/A,228.6288,#N/A N/A,0.49,0.281005538,0.004612,8.55079,PLDMLNPM,PLDMLNPM,Exchange-Traded Commodity,Y,N,Single Asset,24/04/2007,Commodity,#N/A N/A,Precious Metals,Global,#N/A Invalid Field,Commodity,Commodity,N,Full,ETFS Physical Palladium,#N/A N/A,24136.86,72.615,USD,1,USD,1,72.615," 1,752,698.09 ",24-Apr-07
AIGA LN Equity,#N/A N/A,224.1576,#N/A N/A,0.49,0.538527156,0.228202,4.57986,BCOMAGTR,BCOMAGTR,Exchange-Traded Commodity,Y,Y,Fundamentals,27/09/2006,Commodity,#N/A N/A,Agriculture,Global,#N/A Invalid Field,Commodity,Commodity,N,Derivative,ETFS Agriculture,#N/A N/A,315119.4,5.3725,USD,1,USD,1,5.3725," 1,692,978.98 ",27-Sep-06
IGUS LN Equity,133951400,204.9596,506,0.45,0.14823031,0.069726,5.04632,SPXUXBN,SPXUXBN,Open-End Investment Company,Y,N,Market Cap,01/10/2010,Equity,Large-cap,Blend,U.S.,#N/A N/A,Country Fund-U.S.,Country Fund-U.S.,N,Full,iShares S&P 500 GBP Hedged UCITS ETF Acc,60000,42235.63,5294.5,GBp,1.2164,GBX,0.012164,64.402298," 2,720,071.63 ",1-Oct-10
AIGI LN Equity,#N/A N/A,201.3684,#N/A N/A,0.49,0.320403866,0.135753,3.84536,BCOMINTR,BCOMINTR,Exchange-Traded Commodity,Y,Y,Fundamentals,27/09/2006,Commodity,#N/A N/A,Industrial Metals,Global,#N/A Invalid Field,Commodity,Commodity,N,Derivative,ETFS Industrial Metals,#N/A N/A,181625.4,10.7625,USD,1,USD,1,10.7625," 1,954,743.37 ",27-Sep-06
FTAL LN Equity,4276417,198.9071,604,0.2,0.154562845,0.12114,2.13685,FTPTTALL,FTPTTALL,Open-End Investment Company,Y,N,Market Cap,28/02/2012,Equity,#N/A N/A,Growth,U.K.,#N/A N/A,Growth,Growth,N,Optimized,SPDR FTSE UK All Share UCITS ETF,50000,25832.51,45.9,GBP,1.2164,GBP,1.2164,55.83276," 1,442,300.33 ",28-Feb-12
SXLF LN Equity,59318940,192.3566,64,0.15,0.253026281,0.093437,6.50264,IXMNTR,IXMNTR,Open-End Investment Company,Y,N,Market Cap,07/07/2015,Equity,Large-cap,Blend,U.S.,#N/A N/A,Unclassified,Unclassified,N,Full,SPDR S&P U.S. Financials Select Sector UCITS ETF,50000,93724.19,24.15125,USD,1,USD,1,24.15125," 2,263,556.34 ",7-Jul-15
XLIS LN Equity,4973949,191.4259,69,0.3,0.235927589,0.056336,5.34151,SPSUIN,SPSUIN,Open-End Investment Company,Y,Y,Market Cap,05/01/2010,Equity,#N/A N/A,Blend,U.S.,#N/A N/A,Undefined Equity,Undefined Equity,N,Derivative,SOURCE INDUSTRIA S&P US SECTOR UCITS ETF,3707,3216.55,314.795,USD,1,USD,1,314.795," 1,012,553.86 ",5-Jan-10
COPA LN Equity,#N/A N/A,189.5309,#N/A N/A,0.49,0.279450155,0.013895,2.70572,BCOMHGTR,BCOMHGTR,Exchange-Traded Commodity,Y,Y,Single Asset,27/09/2006,Commodity,#N/A N/A,Industrial Metals,Global,#N/A Invalid Field,Commodity,Commodity,N,Derivative,ETFS Copper,#N/A N/A,184978.3,24.7925,USD,1,USD,1,24.7925," 4,586,074.50 ",27-Sep-06
IFSE LN Equity,56937310,186.7852,110,0.45,0.398578662,0.143039,1.2832,M7EUDMF,M7EUDMF,Open-End Investment Company,Y,N,Multi Factor,08/09/2015,Equity,#N/A N/A,Blend,European Region,#N/A Invalid Field,Unclassified,Unclassified,N,Optimized,iShares Edge MSCI Europe Multifactor UCITS ETF EUR Acc,500000,183590,5.25125,EUR,1.0569,EUR,1.0569,5.550046125," 1,018,932.97 ",8-Sep-15
IDTL LN Equity,#N/A N/A,172.3142,38,0.2,0.168659372,0.164682,4.34255,IDCOT20T,IDCOT20T,Open-End Investment Company,Y,N,Market Cap,21/01/2015,Fixed Income,#N/A N/A,Government,U.S.,#N/A N/A,Unclassified,Unclassified,N,Optimized,iShares USD Treasury Bond 20+yr UCITS ETF USD Dist,500000,676964.9,4.556,USD,1,USD,1,4.556," 3,084,252.08 ",21-Jan-15
XLES LN Equity,3155377,164.1169,36,0.3,0.387964514,0.096189,6.83964,SPSUEN,SPSUEN,Open-End Investment Company,Y,Y,Market Cap,05/01/2010,Equity,#N/A N/A,Blend,U.S.,#N/A N/A,Sector Fund-Energy,Sector Fund-Energy,N,Derivative,SOURCE ENERGY S&P US SECTOR UCITS ETF,2765,3916.92,376.895,USD,1,USD,1,376.895," 1,476,267.56 ",5-Jan-10
XLVS LN Equity,5604609,157.4541,59,0.3,0.250899035,0.040968,4.7882,SPSUHCN,SPSUHCN,Open-End Investment Company,Y,Y,Market Cap,05/01/2010,Equity,#N/A N/A,Blend,U.S.,#N/A N/A,Health & Biotechnology,Health & Biotechnology,N,Derivative,SOURCE HLTH CARE S&P US SECTOR UCITS ETF,3303,5405.78,309.13,USD,1,USD,1,309.13," 1,671,088.77 ",5-Jan-10
3OIL LN Equity,#N/A N/A,156.3472,#N/A N/A,0.99,0.167123189,72.3216,69.7028,NQCICLER,NQCICLER,Exchange-Traded Commodity,Y,Y,Single Asset,20/12/2012,Commodity,#N/A N/A,Energy,Global,#N/A Invalid Field,Commodity,Commodity,N,Derivative,Boost WTI Oil 3x Leverage Daily ETP,#N/A N/A,1917649,1.112,USD,1,USD,1,1.112," 2,132,425.69 ",20-Dec-12
IGWD LN Equity,17996290,154.9819,1602,0.55,0.283672962,0.059524,3.73985,MXWOHGBP,MXWOHGBP,Open-End Investment Company,Y,N,Market Cap,01/10/2010,Equity,#N/A N/A,Blend,Global,#N/A Invalid Field,Global Equity,Global Equity,N,Full,iShares MSCI World GBP Hedged UCITS ETF Acc,200000,21848.87,4558.5,GBp,1.2164,GBX,0.012164,55.449594," 1,211,510.97 ",1-Oct-10
VGOV LN Equity,#N/A N/A,144.108,38,0.12,0.239836588,0.39151,1.20264,BGGFTRGU,BGGFTRGU,Open-End Investment Company,Y,N,Market Cap,22/05/2012,Fixed Income,#N/A N/A,Government,U.K.,#N/A N/A,Government/Corporate,Government/Corporate,N,Full,Vanguard U.K. Gilt UCITS ETF,100000,63239.44,22.605,GBP,1.2164,GBP,1.2164,27.496722," 1,738,877.30 ",22-May-12
GLTY LN Equity,#N/A N/A,128.2357,40,0.15,0.174354437,0.121283,1.07472,LSG1TRGU,LSG1TRGU,Open-End Investment Company,Y,N,Market Cap,17/05/2012,Fixed Income,#N/A N/A,Government,U.K.,#N/A N/A,Geo Focus-Debt,Geo Focus-Debt,N,Full,SPDR Barclays UK Gilt UCITS ETF,#N/A N/A,14717.07,56.63,GBP,1.2164,GBP,1.2164,68.884732," 1,013,781.42 ",17-May-12
HPRO LN Equity,10781250,117.4326,334,0.4,0.413553962,0.114591,4.01595,TRNGLU,TRNGLU,Open-End Investment Company,Y,N,Market Cap,20/06/2011,Equity,#N/A N/A,Blend,Global,#N/A Invalid Field,Real Estate,Real Estate,N,Full,HSBC FTSE EPRA/NAREIT Developed UCITS ETF,350000,82557.79,1846.5,GBp,1.2164,GBX,0.012164,22.460826," 1,854,316.16 ",20-Jun-11
GDX LN Equity,8397931,113.0511,51,0.53,0.677380758,0.203776,15.8731,GDMNTR,GDMNTR,Open-End Exch Traded Index Fd,Y,N,Market Cap,15/04/2015,Equity,Large-cap,Blend,Global,#N/A Invalid Field,Unclassified,Unclassified,N,Full,VanEck Vectors Gold Miners UCITS ETF,50000,63858.21,23.685,USD,1,USD,1,23.685," 1,512,481.70 ",15-Apr-15
LOIL LN Equity,#N/A N/A,111.7997,#N/A N/A,0.98,0.336438516,36.3245,36.9808,BCOMCLTR,BCOMCLTR,Exchange-Traded Commodity,Y,Y,Single Asset,11/03/2008,Commodity,#N/A N/A,Energy,Global,#N/A Invalid Field,Commodity,Commodity,N,Derivative,ETFS 2X Daily Long Wti Crude Oil,#N/A N/A,43266.78,46.395,USD,1,USD,1,46.395," 2,007,362.26 ",11-Mar-08
GILS LN Equity,#N/A N/A,105.2168,42,0.07,0.164862151,9720.45,1.02228,FTFIBGT,FTFIBGT,SICAV/ICVC,Y,N,Market Cap,30/11/2010,Fixed Income,#N/A N/A,Government,U.K.,#N/A N/A,Government/Corporate,Government/Corporate,N,Full,Lyxor FTSE Actuaries UK GILTS DR UCITS ETF,#N/A N/A,21149.54,13913,GBp,1.2164,GBX,0.012164,169.237732," 3,579,300.18 ",30-Nov-10
AIGE LN Equity,#N/A N/A,85.90775,#N/A N/A,0.49,0.456034566,1.20296,8.91975,BCOMENTR,BCOMENTR,Exchange-Traded Commodity,Y,Y,Fundamentals,27/09/2006,Commodity,#N/A N/A,Energy,Global,#N/A Invalid Field,Commodity,Commodity,N,Derivative,ETFS Energy,#N/A N/A,319341.2,3.8125,USD,1,USD,1,3.8125," 1,217,488.33 ",27-Sep-06
GBSP LN Equity,#N/A N/A,77.67016,#N/A N/A,0.39,0.452209377,#N/A N/A,#N/A N/A,MSCEGLDG,MSCEGLDG,Exchange-Traded Commodity,Y,N,Single Asset,19/03/2013,Commodity,#N/A N/A,Precious Metals,Global,#N/A Invalid Field,Commodity,Commodity,N,Full,ETFS GBP Daily Hedged Physical Gold,#N/A N/A,257696,733.25,GBp,1.2164,GBX,0.012164,8.919253," 2,298,455.82 ",19-Mar-13
HEDJ LN Equity,10789710,67.54788,142,0.58,0.23825667,0.636521,1.58858,WTEHIT,WTEHIT,Open-End Investment Company,Y,N,Dividend,21/05/2015,Equity,Large-cap,Blend,European Region,#N/A Invalid Field,Unclassified,Unclassified,N,Optimized,WisdomTree Europe Equity UCITS ETF - USD Hedged,70000,192193.2,15.835,USD,1,USD,1,15.835," 3,043,379.32 ",21-May-15
DEL2 LN Equity,#N/A N/A,56.7122,30,0.4,0.196295286,0.061256,2.78452,LEVDAX,LEVDAX,Open-End Investment Company,Y,Y,Market Cap,15/06/2009,Equity,#N/A N/A,Blend,Germany,#N/A N/A,Undefined Equity,Undefined Equity,N,Derivative,ETFS DAX Daily 2x Long GO UCITS,#N/A N/A,4236.56,268.16,EUR,1.0569,EUR,1.0569,283.418304," 1,200,718.65 ",15-Jun-09
GIL5 LN Equity,#N/A N/A,56.14004,14,0.07,0.162248765,#N/A N/A,#N/A N/A,FTRFBGL,FTRFBGL,SICAV/ICVC,Y,N,Market Cap,05/08/2016,Fixed Income,#N/A N/A,Government,U.K.,#N/A N/A,Unclassified,Unclassified,N,Full,Lyxor FTSE Actuaries UK Gilts 0-5Y DR UCITS ETF,#N/A N/A,9398.37,98.32,GBP,1.2164,GBP,1.2164,119.596448," 1,124,011.67 ",5-Aug-16
XCT9 LN Equity,#N/A N/A,56.78738,#N/A N/A,#N/A N/A,0.841581085,0.05714,10.3778,DBLCCLUN,DBLCCLUN,Exchange-Traded Commodity,Y,Y,Single Asset,09/07/2010,Commodity,#N/A N/A,Energy,Eurozone,#N/A Invalid Field,Commodity,Commodity,N,Derivative,db WTI Crude Oil Booster ETC,#N/A N/A,93493.16,38.47,USD,1,USD,1,38.47," 3,596,681.87 ",9-Jul-10
GLTL LN Equity,#N/A N/A,33.72669,19,0.15,0.22279696,0.215057,1.0795,LF55TRGU,LF55TRGU,Open-End Investment Company,Y,N,Market Cap,17/05/2012,Fixed Income,#N/A N/A,Government,U.K.,#N/A N/A,Government/Agency-LT,Government/Agency-LT,N,Full,SPDR Barclays 15+ Year Gilt UCITS ETF,#N/A N/A,17942.84,63.165,GBP,1.2164,GBP,1.2164,76.833906," 1,378,618.48 ",17-May-12
SUK2 LN Equity,#N/A N/A,30.89387,#N/A N/A,0.6,0.110808073,0.056695,3.25056,TUKXI2G,TUKXI2G,Open-End Investment Company,Y,Y,Market Cap,15/06/2009,Equity,#N/A N/A,Blend,U.K.,#N/A N/A,Undefined Equity,Undefined Equity,N,Derivative,ETFS FTSE 100 Super Short Strategy Daily 2x GO UCITS ETF,#N/A N/A,697765,1021,GBp,1.2164,GBX,0.012164,12.419444," 8,665,853.34 ",15-Jun-09
SOIL LN Equity,#N/A N/A,16.61254,#N/A N/A,0.98,0.281558299,73.5484,71.5652,BCOMCLTR,BCOMCLTR,Exchange-Traded Commodity,Y,Y,Single Asset,22/02/2008,Commodity,#N/A N/A,Energy,Global,#N/A Invalid Field,Commodity,Commodity,N,Derivative,ETFS 1X Daily Short Wti Crude Oil,#N/A N/A,12789.8,83.405,USD,1,USD,1,83.405," 1,066,733.27 ",22-Feb-08
UK3S LN Equity,#N/A N/A,14.3468,#N/A N/A,0.7,0.637649974,0.012369,4.58937,UKXI3X,UKXI3X,Exchange-Traded Commodity,Y,N,Market Cap,07/04/2014,Equity,Large-cap,Blend,U.K.,#N/A N/A,Unclassified,Unclassified,N,Derivative,ETFS 3x Daily Short FTSE 100,#N/A N/A,251941.6,382.2,GBp,1.2164,GBX,0.012164,4.6490808," 1,171,296.86 ",7-Apr-14
LUK2 LN Equity,#N/A N/A,11.91745,101,0.5,0.08668928,0.072454,3.35887,TUKXL2G,TUKXL2G,Open-End Investment Company,Y,Y,Market Cap,15/06/2009,Equity,#N/A N/A,Blend,U.K.,#N/A N/A,Undefined Equity,Undefined Equity,N,Derivative,ETFS FTSE 100 Leveraged Daily 2x GO UCITS ETF,#N/A N/A,13450.37,27425.5,GBp,1.2164,GBX,0.012164,333.603782," 4,487,094.30 ",15-Jun-09
SPAL LN Equity,#N/A N/A,5.878577,#N/A N/A,0.39,0.298840337,0.003703,8.34706,PLDMLNPM,PLDMLNPM,Open-End Investment Company,Y,N,Single Asset,14/04/2011,Commodity,#N/A N/A,Precious Metals,Global,#N/A Invalid Field,Commodity,Commodity,N,Full,Source Physical Palladium P-ETC,6284,18267.79,74.46,USD,1,USD,1,74.46," 1,360,219.64 ",14-Apr-11
