IBGX LN Equity,ISXF LN Equity,LQDE LN Equity,IGLT LN Equity,IBTS LN Equity,IUSA LN Equity,IWDP LN Equity,INAA LN Equity,IDP6 LN Equity,IKOR LN Equity,
IBGX LN Equity,ISXF LN Equity,LQDE LN Equity,IGLT LN Equity,IBTS LN Equity,IUSA LN Equity,IWDP LN Equity,IDP6 LN Equity,IUKD LN Equity,IUSP LN Equity,
IBGX LN Equity,ISXF LN Equity,LQDE LN Equity,IGLT LN Equity,IBTS LN Equity,IUSA LN Equity,IWDP LN Equity,IDP6 LN Equity,IUKD LN Equity,IUSP LN Equity,
IBGX LN Equity,ISXF LN Equity,LQDE LN Equity,IGLT LN Equity,IBTS LN Equity,IUSA LN Equity,IWDP LN Equity,IDP6 LN Equity,IUSP LN Equity,IKOR LN Equity,
IEAC LN Equity,ISXF LN Equity,LQDE LN Equity,IGLT LN Equity,IBTS LN Equity,IWDP LN Equity,IFFF LN Equity,IDP6 LN Equity,IUSP LN Equity,IKOR LN Equity,
IEAC LN Equity,IBGX LN Equity,ISXF LN Equity,LQDE LN Equity,IGLT LN Equity,IWDP LN Equity,IDP6 LN Equity,IUKD LN Equity,IUSP LN Equity,IKOR LN Equity,
IEAC LN Equity,ISXF LN Equity,LQDE LN Equity,IGLT LN Equity,IBTS LN Equity,IUSA LN Equity,IWDP LN Equity,IDP6 LN Equity,IUSP LN Equity,IKOR LN Equity,
IEAC LN Equity,IBGX LN Equity,ISXF LN Equity,LQDE LN Equity,IGLT LN Equity,IUSA LN Equity,IWDP LN Equity,IDP6 LN Equity,IUKD LN Equity,IKOR LN Equity,
IEAC LN Equity,IBGX LN Equity,ISXF LN Equity,LQDE LN Equity,IGLT LN Equity,IUSA LN Equity,IWDP LN Equity,IDP6 LN Equity,IUSP LN Equity,IKOR LN Equity,
IEAC LN Equity,IBGX LN Equity,ISXF LN Equity,LQDE LN Equity,IGLT LN Equity,IWDP LN Equity,IDP6 LN Equity,IUSP LN Equity,XLKS LN Equity,XLES LN Equity,
IEAC LN Equity,IBGX LN Equity,ISXF LN Equity,LQDE LN Equity,IGLT LN Equity,IWDP LN Equity,IDP6 LN Equity,IUSP LN Equity,XLKS LN Equity,XLES LN Equity,
IEAC LN Equity,ISXF LN Equity,LQDE LN Equity,IGLT LN Equity,IBTS LN Equity,IWDP LN Equity,IDP6 LN Equity,IUSP LN Equity,XLKS LN Equity,XLES LN Equity,
IEAC LN Equity,IBGX LN Equity,ISXF LN Equity,LQDE LN Equity,IGLT LN Equity,IWDP LN Equity,IUSP LN Equity,XLKS LN Equity,XLES LN Equity,XLVS LN Equity,
IEAC LN Equity,IBGX LN Equity,ISXF LN Equity,LQDE LN Equity,IGLT LN Equity,IDP6 LN Equity,IUSP LN Equity,XLKS LN Equity,XLES LN Equity,XLVS LN Equity,
IEAC LN Equity,ISXF LN Equity,LQDE LN Equity,IGLT LN Equity,IBTS LN Equity,IWDP LN Equity,IDP6 LN Equity,XLKS LN Equity,IKOR LN Equity,XLES LN Equity,
IEAC LN Equity,IBGX LN Equity,ISXF LN Equity,LQDE LN Equity,IGLT LN Equity,IWDP LN Equity,IUKD LN Equity,IUKP LN Equity,IUSP LN Equity,XLKS LN Equity,
IEAC LN Equity,IBGX LN Equity,ISXF LN Equity,LQDE LN Equity,IGLT LN Equity,ISF LN Equity,IWDP LN Equity,IUSP LN Equity,XLKS LN Equity,IKOR LN Equity,
IEAC LN Equity,IBGX LN Equity,ISXF LN Equity,LQDE LN Equity,IGLT LN Equity,ISF LN Equity,IWDP LN Equity,IUSP LN Equity,XLKS LN Equity,XLES LN Equity,
IEAC LN Equity,IBGX LN Equity,ISXF LN Equity,LQDE LN Equity,IGLT LN Equity,IWDP LN Equity,IUSP LN Equity,XLKS LN Equity,XLES LN Equity,XLVS LN Equity,
IEAC LN Equity,IBGX LN Equity,ISXF LN Equity,LQDE LN Equity,IGLT LN Equity,IMEU LN Equity,IWDP LN Equity,IUKP LN Equity,XLKS LN Equity,XLVS LN Equity,
IEAC LN Equity,IBGX LN Equity,ISXF LN Equity,LQDE LN Equity,IGLT LN Equity,IUKD LN Equity,IUKP LN Equity,IUSP LN Equity,XLKS LN Equity,XLVS LN Equity,
IEAC LN Equity,IBGX LN Equity,ISXF LN Equity,LQDE LN Equity,IGLT LN Equity,IWDP LN Equity,IDP6 LN Equity,IUSP LN Equity,XLKS LN Equity,XLVS LN Equity,
IEAC LN Equity,IBGX LN Equity,ISXF LN Equity,LQDE LN Equity,IGLT LN Equity,IWDP LN Equity,IDP6 LN Equity,IUSP LN Equity,XLKS LN Equity,XLVS LN Equity,
IEAC LN Equity,IBGX LN Equity,ISXF LN Equity,LQDE LN Equity,IGLT LN Equity,IWDP LN Equity,IDP6 LN Equity,IUSP LN Equity,XLKS LN Equity,XLVS LN Equity,
IEAC LN Equity,IBGX LN Equity,ISXF LN Equity,LQDE LN Equity,IGLT LN Equity,IDP6 LN Equity,IUSP LN Equity,XLKS LN Equity,XLES LN Equity,XLVS LN Equity,
IEAC LN Equity,IBGX LN Equity,ISXF LN Equity,LQDE LN Equity,IGLT LN Equity,IUSA LN Equity,IWDP LN Equity,IDP6 LN Equity,XLKS LN Equity,XLVS LN Equity,
IEAC LN Equity,IBGX LN Equity,ISXF LN Equity,LQDE LN Equity,IGLT LN Equity,IUSA LN Equity,INAA LN Equity,IDP6 LN Equity,XLKS LN Equity,XLVS LN Equity,
IEAC LN Equity,ISXF LN Equity,LQDE LN Equity,IGLT LN Equity,IBTS LN Equity,IWDP LN Equity,IDP6 LN Equity,IUSP LN Equity,XLKS LN Equity,XLVS LN Equity,
IEAC LN Equity,IBGX LN Equity,ISXF LN Equity,LQDE LN Equity,IGLT LN Equity,IWDP LN Equity,INAA LN Equity,IDP6 LN Equity,XLKS LN Equity,XLVS LN Equity,
IEAC LN Equity,ISXF LN Equity,LQDE LN Equity,IGLT LN Equity,IBTS LN Equity,IFFF LN Equity,IDP6 LN Equity,XLKS LN Equity,XLES LN Equity,XLVS LN Equity,
IEAC LN Equity,ISXF LN Equity,LQDE LN Equity,IGLT LN Equity,IBTS LN Equity,IDP6 LN Equity,IUSP LN Equity,XLKS LN Equity,XLES LN Equity,XLVS LN Equity,
IEAC LN Equity,ISXF LN Equity,LQDE LN Equity,IGLT LN Equity,IBTS LN Equity,IUSA LN Equity,IDP6 LN Equity,XLKS LN Equity,XLES LN Equity,XLVS LN Equity,
IEAC LN Equity,IBGX LN Equity,ISXF LN Equity,LQDE LN Equity,IGLT LN Equity,IDP6 LN Equity,IUSP LN Equity,XLKS LN Equity,XLES LN Equity,XLVS LN Equity,
IEAC LN Equity,ISXF LN Equity,LQDE LN Equity,IGLT LN Equity,IBTS LN Equity,IDP6 LN Equity,IUSP LN Equity,XLKS LN Equity,XLES LN Equity,XLVS LN Equity,
IEAC LN Equity,ISXF LN Equity,LQDE LN Equity,IGLT LN Equity,IBTS LN Equity,IDP6 LN Equity,IUSP LN Equity,XLKS LN Equity,XLES LN Equity,XLVS LN Equity,
IEAC LN Equity,ISXF LN Equity,LQDE LN Equity,IGLT LN Equity,IBTS LN Equity,IDP6 LN Equity,IUSP LN Equity,XLKS LN Equity,XLES LN Equity,XLVS LN Equity,
IEAC LN Equity,ISXF LN Equity,LQDE LN Equity,IGLT LN Equity,IBTS LN Equity,IDP6 LN Equity,IUSP LN Equity,XLKS LN Equity,XLES LN Equity,XLVS LN Equity,
IEAC LN Equity,ISXF LN Equity,LQDE LN Equity,IGLT LN Equity,IBTS LN Equity,IWDP LN Equity,IDP6 LN Equity,IUSP LN Equity,XLKS LN Equity,XLES LN Equity,
IEAC LN Equity,ISXF LN Equity,LQDE LN Equity,IGLT LN Equity,IBTS LN Equity,IUSA LN Equity,IDP6 LN Equity,IUSP LN Equity,XLKS LN Equity,XLVS LN Equity,
IEAC LN Equity,ISXF LN Equity,LQDE LN Equity,IGLT LN Equity,IBTS LN Equity,IDP6 LN Equity,IUSP LN Equity,XLKS LN Equity,XLES LN Equity,XLVS LN Equity,
IEAC LN Equity,ISXF LN Equity,LQDE LN Equity,IGLT LN Equity,IBTS LN Equity,IUSA LN Equity,IDP6 LN Equity,IUSP LN Equity,XLKS LN Equity,XLVS LN Equity,
IEAC LN Equity,IBGX LN Equity,ISXF LN Equity,LQDE LN Equity,IGLT LN Equity,IUSA LN Equity,IDP6 LN Equity,IUSP LN Equity,XLKS LN Equity,XLVS LN Equity,
IEAC LN Equity,IBGX LN Equity,ISXF LN Equity,LQDE LN Equity,IGLT LN Equity,IUSA LN Equity,IWDP LN Equity,IUSP LN Equity,XLKS LN Equity,XLVS LN Equity,
IEAC LN Equity,IBGX LN Equity,ISXF LN Equity,LQDE LN Equity,IGLT LN Equity,INAA LN Equity,IUKD LN Equity,IUKP LN Equity,IUSP LN Equity,XLVS LN Equity,
IEAC LN Equity,IBGX LN Equity,ISXF LN Equity,LQDE LN Equity,IGLT LN Equity,IWDP LN Equity,IUKP LN Equity,IUSP LN Equity,XLKS LN Equity,XLVS LN Equity,
IEAC LN Equity,IBGX LN Equity,ISXF LN Equity,LQDE LN Equity,IGLT LN Equity,IUSA LN Equity,IUKP LN Equity,IUSP LN Equity,XLKS LN Equity,XLVS LN Equity,
IEAC LN Equity,IBGX LN Equity,ISXF LN Equity,LQDE LN Equity,IGLT LN Equity,IWDP LN Equity,IUKP LN Equity,IUSP LN Equity,XLKS LN Equity,XLVS LN Equity,
IEAC LN Equity,IBGX LN Equity,ISXF LN Equity,LQDE LN Equity,IGLT LN Equity,IWDP LN Equity,IUKP LN Equity,IUSP LN Equity,IGUS LN Equity,XLVS LN Equity,
IEAC LN Equity,IBGX LN Equity,ISXF LN Equity,LQDE LN Equity,IGLT LN Equity,IWDP LN Equity,IUKP LN Equity,IUSP LN Equity,XLKS LN Equity,XLVS LN Equity,
IEAC LN Equity,IBGX LN Equity,ISXF LN Equity,LQDE LN Equity,IGLT LN Equity,IUSA LN Equity,IWDP LN Equity,IUKP LN Equity,IUSP LN Equity,XLVS LN Equity,
IEAC LN Equity,IBGX LN Equity,ISXF LN Equity,LQDE LN Equity,IGLT LN Equity,IWDP LN Equity,IUKP LN Equity,IUSP LN Equity,IGUS LN Equity,XLVS LN Equity,
IEAC LN Equity,IBGX LN Equity,ISXF LN Equity,LQDE LN Equity,IGLT LN Equity,IWDP LN Equity,IDP6 LN Equity,IUKP LN Equity,IUSP LN Equity,XLVS LN Equity,
IEAC LN Equity,IBGX LN Equity,ISXF LN Equity,LQDE LN Equity,IGLT LN Equity,IWDP LN Equity,IUKP LN Equity,IUSP LN Equity,XLVS LN Equity,DEL2 LN Equity,
IEAC LN Equity,IBGX LN Equity,ISXF LN Equity,LQDE LN Equity,IGLT LN Equity,IWDP LN Equity,IUKP LN Equity,IUSP LN Equity,XLVS LN Equity,DEL2 LN Equity,
IEAC LN Equity,IBGX LN Equity,ISXF LN Equity,LQDE LN Equity,IGLT LN Equity,IWDP LN Equity,IJPE LN Equity,IDP6 LN Equity,IUKP LN Equity,XLVS LN Equity,
IEAC LN Equity,IBGX LN Equity,ISXF LN Equity,LQDE LN Equity,IGLT LN Equity,INAA LN Equity,IDP6 LN Equity,IUSP LN Equity,XLKS LN Equity,XLVS LN Equity,
IEAC LN Equity,IBGX LN Equity,ISXF LN Equity,LQDE LN Equity,IGLT LN Equity,IWDP LN Equity,INAA LN Equity,IDP6 LN Equity,IUKD LN Equity,XLVS LN Equity,
IEAC LN Equity,IBGX LN Equity,ISXF LN Equity,LQDE LN Equity,IGLT LN Equity,IUSA LN Equity,IWDP LN Equity,IDP6 LN Equity,IUSP LN Equity,XLVS LN Equity,
IEAC LN Equity,IBGX LN Equity,ISXF LN Equity,LQDE LN Equity,IGLT LN Equity,IUSA LN Equity,IWDP LN Equity,IDP6 LN Equity,IUSP LN Equity,XLVS LN Equity,
IEAC LN Equity,IBGX LN Equity,ISXF LN Equity,LQDE LN Equity,IGLT LN Equity,IUSA LN Equity,IWDP LN Equity,IDP6 LN Equity,XLKS LN Equity,XLVS LN Equity,
IEAC LN Equity,IBGX LN Equity,ISXF LN Equity,LQDE LN Equity,IGLT LN Equity,IMEU LN Equity,IWDP LN Equity,IJPE LN Equity,IUSP LN Equity,XLVS LN Equity,
IBGX LN Equity,ISXF LN Equity,LQDE LN Equity,IGLT LN Equity,IBTS LN Equity,IWDP LN Equity,IJPE LN Equity,INAA LN Equity,IUSP LN Equity,XLVS LN Equity,
IEAC LN Equity,ISXF LN Equity,LQDE LN Equity,IGLT LN Equity,IBTS LN Equity,IUSA LN Equity,IWDP LN Equity,IJPE LN Equity,IDP6 LN Equity,XLVS LN Equity,
IEAC LN Equity,IBGX LN Equity,ISXF LN Equity,LQDE LN Equity,IGLT LN Equity,IUSA LN Equity,IDP6 LN Equity,XLKS LN Equity,XLVS LN Equity,DEL2 LN Equity,
IBGX LN Equity,ISXF LN Equity,LQDE LN Equity,IGLT LN Equity,IBTS LN Equity,IUSA LN Equity,IWDP LN Equity,IDP6 LN Equity,IUSP LN Equity,XLVS LN Equity,
IBGX LN Equity,ISXF LN Equity,LQDE LN Equity,IGLT LN Equity,IBTS LN Equity,IUSA LN Equity,IWDP LN Equity,IDP6 LN Equity,XLKS LN Equity,XLVS LN Equity,
IEAC LN Equity,IBGX LN Equity,ISXF LN Equity,LQDE LN Equity,IGLT LN Equity,IWDP LN Equity,IJPE LN Equity,IUKD LN Equity,IUSP LN Equity,XLVS LN Equity,
IEAC LN Equity,IBGX LN Equity,ISXF LN Equity,LQDE LN Equity,IGLT LN Equity,IUSA LN Equity,IWDP LN Equity,XLFS LN Equity,IUSP LN Equity,XLVS LN Equity,
IEAC LN Equity,IBGX LN Equity,ISXF LN Equity,LQDE LN Equity,IGLT LN Equity,IUSA LN Equity,IWDP LN Equity,IDVY LN Equity,IUSP LN Equity,XLVS LN Equity,
IEAC LN Equity,IBGX LN Equity,ISXF LN Equity,LQDE LN Equity,IGLT LN Equity,IMEU LN Equity,IWDP LN Equity,IJPE LN Equity,IDVY LN Equity,XLVS LN Equity,
IEAC LN Equity,IBGX LN Equity,ISXF LN Equity,LQDE LN Equity,IGLT LN Equity,IUSA LN Equity,IWDP LN Equity,IJPE LN Equity,IUSP LN Equity,XLVS LN Equity,
IEAC LN Equity,IBGX LN Equity,ISXF LN Equity,LQDE LN Equity,IGLT LN Equity,IJPE LN Equity,IDP6 LN Equity,XLFS LN Equity,IUSP LN Equity,XLVS LN Equity,
IEAC LN Equity,IBGX LN Equity,ISXF LN Equity,LQDE LN Equity,IGLT LN Equity,IUSA LN Equity,IJPE LN Equity,XLFS LN Equity,IUSP LN Equity,XLVS LN Equity,
IEAC LN Equity,IBGX LN Equity,ISXF LN Equity,LQDE LN Equity,IGLT LN Equity,IUSA LN Equity,XLFS LN Equity,IUSP LN Equity,XLKS LN Equity,XLVS LN Equity,
IEAC LN Equity,ISXF LN Equity,LQDE LN Equity,IGLT LN Equity,IBTS LN Equity,IUSA LN Equity,IWDP LN Equity,XLFS LN Equity,XLKS LN Equity,XLVS LN Equity,
IEAC LN Equity,IBGX LN Equity,ISXF LN Equity,LQDE LN Equity,IGLT LN Equity,IUSA LN Equity,XLFS LN Equity,IUSP LN Equity,XLKS LN Equity,XLVS LN Equity,
IEAC LN Equity,IBGX LN Equity,ISXF LN Equity,LQDE LN Equity,IGLT LN Equity,IUSA LN Equity,INAA LN Equity,IDP6 LN Equity,XLFS LN Equity,XLVS LN Equity,
IEAC LN Equity,IBGX LN Equity,ISXF LN Equity,LQDE LN Equity,IGLT LN Equity,INAA LN Equity,IJPN LN Equity,IDP6 LN Equity,XLFS LN Equity,XLVS LN Equity,
IEAC LN Equity,ISXF LN Equity,LQDE LN Equity,IGLT LN Equity,IBTS LN Equity,IUSA LN Equity,IDP6 LN Equity,XLFS LN Equity,IUSP LN Equity,XLVS LN Equity,
IEAC LN Equity,IBGX LN Equity,ISXF LN Equity,LQDE LN Equity,IBTS LN Equity,IUSA LN Equity,IDP6 LN Equity,XLFS LN Equity,IUSP LN Equity,XLVS LN Equity,
IEAC LN Equity,ISXF LN Equity,LQDE LN Equity,IGLT LN Equity,IBTS LN Equity,IDP6 LN Equity,XLFS LN Equity,XLIS LN Equity,XLVS LN Equity,DEL2 LN Equity,
IEAC LN Equity,IBGX LN Equity,ISXF LN Equity,LQDE LN Equity,IGLT LN Equity,IUSA LN Equity,IDP6 LN Equity,XLFS LN Equity,XLVS LN Equity,DEL2 LN Equity,
IEAC LN Equity,ISXF LN Equity,LQDE LN Equity,IGLT LN Equity,IBTS LN Equity,IDP6 LN Equity,XLFS LN Equity,XLIS LN Equity,XLVS LN Equity,DEL2 LN Equity,
IEAC LN Equity,IBGX LN Equity,ISXF LN Equity,LQDE LN Equity,IBTS LN Equity,IJPE LN Equity,IDP6 LN Equity,XLFS LN Equity,XLVS LN Equity,DEL2 LN Equity,
IEAC LN Equity,IBGX LN Equity,ISXF LN Equity,LQDE LN Equity,IBCI LN Equity,IUSA LN Equity,IDP6 LN Equity,XLFS LN Equity,XLVS LN Equity,DEL2 LN Equity,
IEAC LN Equity,IBGX LN Equity,ISXF LN Equity,LQDE LN Equity,IGLT LN Equity,IDP6 LN Equity,XLFS LN Equity,XLIS LN Equity,XLVS LN Equity,DEL2 LN Equity,
IEAC LN Equity,IBGX LN Equity,ISXF LN Equity,LQDE LN Equity,IBCI LN Equity,IDP6 LN Equity,XLFS LN Equity,IUSP LN Equity,XLIS LN Equity,XLVS LN Equity,
IEAC LN Equity,IBGX LN Equity,ISXF LN Equity,LQDE LN Equity,IGLT LN Equity,IDP6 LN Equity,XLFS LN Equity,IUSP LN Equity,XLVS LN Equity,DEL2 LN Equity,
IEAC LN Equity,IBGX LN Equity,ISXF LN Equity,LQDE LN Equity,IBCI LN Equity,IDP6 LN Equity,XLFS LN Equity,IUSP LN Equity,XLVS LN Equity,DEL2 LN Equity,
IEAC LN Equity,IBGX LN Equity,ISXF LN Equity,LQDE LN Equity,IGLT LN Equity,IDP6 LN Equity,IUKP LN Equity,XLFS LN Equity,XLVS LN Equity,DEL2 LN Equity,
IEAC LN Equity,IBGX LN Equity,ISXF LN Equity,LQDE LN Equity,IBCI LN Equity,IJPE LN Equity,SJPA LN Equity,XLFS LN Equity,XLVS LN Equity,DEL2 LN Equity,
IEAC LN Equity,IBGX LN Equity,ISXF LN Equity,LQDE LN Equity,IGLT LN Equity,IJPE LN Equity,IDP6 LN Equity,XLFS LN Equity,XLIS LN Equity,XLVS LN Equity,
IEAC LN Equity,IBGX LN Equity,ISXF LN Equity,LQDE LN Equity,IBCI LN Equity,IEEM LN Equity,IJPE LN Equity,XLFS LN Equity,XLVS LN Equity,DEL2 LN Equity,
IEAC LN Equity,IBGX LN Equity,ISXF LN Equity,LQDE LN Equity,IBCI LN Equity,IDP6 LN Equity,XLFS LN Equity,XLIS LN Equity,XLVS LN Equity,DEL2 LN Equity,
IEAC LN Equity,IBGX LN Equity,ISXF LN Equity,IGLT LN Equity,IBCI LN Equity,IJPE LN Equity,IDP6 LN Equity,XLFS LN Equity,XLVS LN Equity,DEL2 LN Equity,
IEAC LN Equity,IBGX LN Equity,ISXF LN Equity,LQDE LN Equity,IBCI LN Equity,IJPE LN Equity,IDP6 LN Equity,XLFS LN Equity,XLVS LN Equity,DEL2 LN Equity,
IEAC LN Equity,IBGX LN Equity,ISXF LN Equity,LQDE LN Equity,IBCI LN Equity,IJPE LN Equity,IDP6 LN Equity,XLFS LN Equity,XLVS LN Equity,DEL2 LN Equity,
IEAC LN Equity,IBGX LN Equity,ISXF LN Equity,LQDE LN Equity,IBCI LN Equity,IJPE LN Equity,IUKP LN Equity,XLFS LN Equity,XLVS LN Equity,DEL2 LN Equity,
IEAC LN Equity,IBGX LN Equity,ISXF LN Equity,LQDE LN Equity,IBCI LN Equity,IJPE LN Equity,IDP6 LN Equity,XLFS LN Equity,IGUS LN Equity,XLVS LN Equity,
IEAC LN Equity,IBGX LN Equity,ISXF LN Equity,LQDE LN Equity,IBCI LN Equity,IJPE LN Equity,IUKP LN Equity,XLFS LN Equity,XLVS LN Equity,DEL2 LN Equity,
IEAC LN Equity,IBGX LN Equity,ISXF LN Equity,LQDE LN Equity,IBCI LN Equity,IJPE LN Equity,IUKP LN Equity,XLFS LN Equity,XLVS LN Equity,DEL2 LN Equity,
IEAC LN Equity,IBGX LN Equity,ISXF LN Equity,LQDE LN Equity,IBCI LN Equity,IJPE LN Equity,IDP6 LN Equity,IUKP LN Equity,XLFS LN Equity,DEL2 LN Equity,
IEAC LN Equity,IBGX LN Equity,ISXF LN Equity,LQDE LN Equity,IBCI LN Equity,IJPE LN Equity,IJPN LN Equity,IUKP LN Equity,XLFS LN Equity,DEL2 LN Equity,
IEAC LN Equity,IBGX LN Equity,ISXF LN Equity,LQDE LN Equity,IBCI LN Equity,IJPE LN Equity,IUKP LN Equity,XLFS LN Equity,XLVS LN Equity,DEL2 LN Equity,
IEAC LN Equity,IBGX LN Equity,ISXF LN Equity,LQDE LN Equity,IBCI LN Equity,IJPE LN Equity,IUKP LN Equity,XLFS LN Equity,XLVS LN Equity,DEL2 LN Equity,
IEAC LN Equity,IBGX LN Equity,ISXF LN Equity,LQDE LN Equity,IBCI LN Equity,IJPE LN Equity,IPRP LN Equity,XLFS LN Equity,XLVS LN Equity,DEL2 LN Equity,
IEAC LN Equity,IBGX LN Equity,ISXF LN Equity,LQDE LN Equity,IGLT LN Equity,IJPE LN Equity,IUKP LN Equity,XLFS LN Equity,XLVS LN Equity,DEL2 LN Equity,
IEAC LN Equity,IBGX LN Equity,ISXF LN Equity,LQDE LN Equity,IBCI LN Equity,IJPE LN Equity,IUKP LN Equity,XLFS LN Equity,XLVS LN Equity,DEL2 LN Equity,
IEAC LN Equity,IBGX LN Equity,ISXF LN Equity,LQDE LN Equity,IGLT LN Equity,IJPE LN Equity,IUKP LN Equity,XLFS LN Equity,XLVS LN Equity,DEL2 LN Equity,
IEAC LN Equity,IBGX LN Equity,ISXF LN Equity,LQDE LN Equity,IBCI LN Equity,IJPE LN Equity,IDP6 LN Equity,IUKP LN Equity,XLVS LN Equity,DEL2 LN Equity,
IEAC LN Equity,IBGX LN Equity,ISXF LN Equity,LQDE LN Equity,IGLT LN Equity,IJPE LN Equity,IDP6 LN Equity,XLFS LN Equity,XLVS LN Equity,DEL2 LN Equity,
IEAC LN Equity,IBGX LN Equity,ISXF LN Equity,LQDE LN Equity,IGLT LN Equity,ISF LN Equity,IDP6 LN Equity,IUKP LN Equity,XLVS LN Equity,DEL2 LN Equity,
IEAC LN Equity,IBGX LN Equity,ISXF LN Equity,LQDE LN Equity,IGLT LN Equity,IJPE LN Equity,IDP6 LN Equity,IUKP LN Equity,XLVS LN Equity,DEL2 LN Equity,
IEAC LN Equity,IBGX LN Equity,ISXF LN Equity,LQDE LN Equity,IGLT LN Equity,IDP6 LN Equity,IUKD LN Equity,IUKP LN Equity,XLVS LN Equity,DEL2 LN Equity,
IEAC LN Equity,IBGX LN Equity,ISXF LN Equity,LQDE LN Equity,IBCI LN Equity,IJPE LN Equity,IUKD LN Equity,XLFS LN Equity,IMIB LN Equity,DEL2 LN Equity,
IEAC LN Equity,IBGX LN Equity,ISXF LN Equity,LQDE LN Equity,IBCI LN Equity,IJPE LN Equity,XLFS LN Equity,IMIB LN Equity,XLVS LN Equity,DEL2 LN Equity,
IEAC LN Equity,IBGX LN Equity,ISXF LN Equity,LQDE LN Equity,IBCI LN Equity,IDP6 LN Equity,IUKP LN Equity,XLFS LN Equity,IMIB LN Equity,DEL2 LN Equity,
IEAC LN Equity,IBGX LN Equity,ISXF LN Equity,LQDE LN Equity,IBCI LN Equity,IJPE LN Equity,IUKP LN Equity,IMIB LN Equity,XLVS LN Equity,DEL2 LN Equity,
IEAC LN Equity,IBGX LN Equity,ISXF LN Equity,LQDE LN Equity,IGLT LN Equity,IUKP LN Equity,IMIB LN Equity,XLVS LN Equity,IGWD LN Equity,DEL2 LN Equity,
IEAC LN Equity,IBGX LN Equity,ISXF LN Equity,LQDE LN Equity,IBCI LN Equity,IUKP LN Equity,IMIB LN Equity,XLIS LN Equity,XLVS LN Equity,DEL2 LN Equity,
IEAC LN Equity,IBGX LN Equity,ISXF LN Equity,LQDE LN Equity,IBCI LN Equity,IJPE LN Equity,IUKD LN Equity,IUKP LN Equity,IMIB LN Equity,DEL2 LN Equity,
IEAC LN Equity,IBGX LN Equity,ISXF LN Equity,LQDE LN Equity,IGLT LN Equity,IMEU LN Equity,XLFS LN Equity,XLIS LN Equity,IGWD LN Equity,DEL2 LN Equity,
IEAC LN Equity,IBGX LN Equity,ISXF LN Equity,LQDE LN Equity,IBCI LN Equity,IJPE LN Equity,IUKP LN Equity,IMIB LN Equity,XLVS LN Equity,DEL2 LN Equity,
IEAC LN Equity,IBGX LN Equity,ISXF LN Equity,LQDE LN Equity,IBCI LN Equity,IJPE LN Equity,IEUX LN Equity,IUKP LN Equity,IMIB LN Equity,DEL2 LN Equity,
IEAC LN Equity,IBGX LN Equity,ISXF LN Equity,LQDE LN Equity,IBCI LN Equity,IJPE LN Equity,IEUX LN Equity,IUKP LN Equity,IMIB LN Equity,DEL2 LN Equity,
IEAC LN Equity,IBGX LN Equity,ISXF LN Equity,LQDE LN Equity,IBCI LN Equity,IJPE LN Equity,IEUX LN Equity,IUKP LN Equity,IMIB LN Equity,DEL2 LN Equity,
IEAC LN Equity,IBGX LN Equity,ISXF LN Equity,LQDE LN Equity,IBCI LN Equity,IJPE LN Equity,IUKP LN Equity,IMIB LN Equity,XLVS LN Equity,DEL2 LN Equity,
IEAC LN Equity,IBGX LN Equity,ISXF LN Equity,LQDE LN Equity,IBCI LN Equity,IJPE LN Equity,IEUX LN Equity,IUKP LN Equity,IMIB LN Equity,DEL2 LN Equity,
IEAC LN Equity,IBGX LN Equity,ISXF LN Equity,LQDE LN Equity,IBCI LN Equity,IJPE LN Equity,IEUX LN Equity,IDVY LN Equity,IMIB LN Equity,DEL2 LN Equity,
IEAC LN Equity,IBGX LN Equity,ISXF LN Equity,IGLT LN Equity,IBCI LN Equity,IJPE LN Equity,IEUX LN Equity,IWDE LN Equity,IMIB LN Equity,DEL2 LN Equity,
IEAC LN Equity,IBGX LN Equity,ISXF LN Equity,IGLT LN Equity,IBCI LN Equity,ISF LN Equity,IJPE LN Equity,IMIB LN Equity,XLVS LN Equity,DEL2 LN Equity,
IEAC LN Equity,IBGX LN Equity,ISXF LN Equity,IITB LN Equity,IESP LN Equity,IMEU LN Equity,IJPE LN Equity,IEUX LN Equity,IMIB LN Equity,DEL2 LN Equity,
IEAC LN Equity,IBGX LN Equity,ISXF LN Equity,IITB LN Equity,IESP LN Equity,IMEU LN Equity,ISF LN Equity,IJPE LN Equity,XLIS LN Equity,DEL2 LN Equity,
IEAC LN Equity,IBGX LN Equity,ISXF LN Equity,IITB LN Equity,IESP LN Equity,IJPE LN Equity,IUKD LN Equity,IUKP LN Equity,IDVY LN Equity,DEL2 LN Equity,
IEAC LN Equity,IBGX LN Equity,ISXF LN Equity,IITB LN Equity,IESP LN Equity,ISF LN Equity,VUKE LN Equity,IJPE LN Equity,XLVS LN Equity,DEL2 LN Equity,
IEAC LN Equity,IBGX LN Equity,ISXF LN Equity,IITB LN Equity,IESP LN Equity,VUKE LN Equity,IJPE LN Equity,IPRP LN Equity,XLVS LN Equity,DEL2 LN Equity,
IEAC LN Equity,IBGX LN Equity,ISXF LN Equity,IITB LN Equity,IESP LN Equity,VUKE LN Equity,IJPE LN Equity,IUKP LN Equity,IMIB LN Equity,IGWD LN Equity,
IEAC LN Equity,IBGX LN Equity,ISXF LN Equity,IITB LN Equity,IESP LN Equity,IJPE LN Equity,IPRP LN Equity,IUKD LN Equity,XLVS LN Equity,DEL2 LN Equity,
IEAC LN Equity,IBGX LN Equity,ISXF LN Equity,IITB LN Equity,IESP LN Equity,IJPE LN Equity,IUKD LN Equity,IMIB LN Equity,XLVS LN Equity,IGWD LN Equity,
IEAC LN Equity,IBGX LN Equity,ISXF LN Equity,IITB LN Equity,IESP LN Equity,IJPE LN Equity,IPRP LN Equity,SPY4 LN Equity,XLVS LN Equity,DEL2 LN Equity,
IEAC LN Equity,IBGX LN Equity,ISXF LN Equity,IITB LN Equity,IESP LN Equity,IJPE LN Equity,IUKP LN Equity,XLFS LN Equity,IMIB LN Equity,DEL2 LN Equity,
IEAC LN Equity,IBGX LN Equity,ISXF LN Equity,IITB LN Equity,IESP LN Equity,IJPE LN Equity,IMIB LN Equity,XLVS LN Equity,DEL2 LN Equity,SUK2 LN Equity,
IEAC LN Equity,IBGX LN Equity,ISXF LN Equity,IITB LN Equity,IESP LN Equity,IJPE LN Equity,IUKD LN Equity,XLFS LN Equity,IOGP LN Equity,XLVS LN Equity,
IEAC LN Equity,IBGX LN Equity,ISXF LN Equity,IITB LN Equity,IESP LN Equity,IJPE LN Equity,XLFS LN Equity,IGUS LN Equity,XLVS LN Equity,DEL2 LN Equity,
IEAC LN Equity,ISXF LN Equity,LQDE LN Equity,IITB LN Equity,IESP LN Equity,ISF LN Equity,IJPE LN Equity,XLFS LN Equity,XLVS LN Equity,DEL2 LN Equity,
IEAC LN Equity,IBGX LN Equity,ISXF LN Equity,IITB LN Equity,IESP LN Equity,ISF LN Equity,IJPE LN Equity,XLIS LN Equity,XLVS LN Equity,DEL2 LN Equity,
IEAC LN Equity,IBGX LN Equity,ISXF LN Equity,IITB LN Equity,IESP LN Equity,ISF LN Equity,VUKE LN Equity,IUKD LN Equity,XLVS LN Equity,DEL2 LN Equity,
IEAC LN Equity,IBGX LN Equity,ISXF LN Equity,IITB LN Equity,IESP LN Equity,IMEU LN Equity,VUKE LN Equity,INAA LN Equity,XLIS LN Equity,DEL2 LN Equity,
IEAC LN Equity,ISXF LN Equity,LQDE LN Equity,IITB LN Equity,IESP LN Equity,IUKD LN Equity,SPY4 LN Equity,ACWD LN Equity,IGUS LN Equity,IGWD LN Equity,
IEAC LN Equity,IBGX LN Equity,ISXF LN Equity,IITB LN Equity,IESP LN Equity,IDP6 LN Equity,IUKD LN Equity,IGUS LN Equity,XLIS LN Equity,DEL2 LN Equity,
IEAC LN Equity,ISXF LN Equity,LQDE LN Equity,IITB LN Equity,IESP LN Equity,IUSA LN Equity,IJPE LN Equity,XLFS LN Equity,XLKS LN Equity,XLVS LN Equity,
IEAC LN Equity,ISXF LN Equity,LQDE LN Equity,IITB LN Equity,IESP LN Equity,IUSA LN Equity,IJPE LN Equity,XLFS LN Equity,XLIS LN Equity,XLVS LN Equity,
ISXF LN Equity,LQDE LN Equity,IITB LN Equity,IESP LN Equity,IBTS LN Equity,IUSA LN Equity,UDVD LN Equity,IJPE LN Equity,XLKS LN Equity,XLVS LN Equity,
ISXF LN Equity,LQDE LN Equity,IITB LN Equity,IESP LN Equity,IGLT LN Equity,IUSA LN Equity,IJPE LN Equity,XLFS LN Equity,XLVS LN Equity,DEL2 LN Equity,
ISXF LN Equity,LQDE LN Equity,IITB LN Equity,IESP LN Equity,IGLT LN Equity,IJPE LN Equity,XLFS LN Equity,XLKS LN Equity,XLIS LN Equity,XLVS LN Equity,
ISXF LN Equity,LQDE LN Equity,IITB LN Equity,IESP LN Equity,IGLT LN Equity,VWRD LN Equity,IMIB LN Equity,IOGP LN Equity,IGUS LN Equity,IGWD LN Equity,
ISXF LN Equity,LQDE LN Equity,IITB LN Equity,IESP LN Equity,IGLT LN Equity,IMEU LN Equity,VUKE LN Equity,ACWD LN Equity,XLIS LN Equity,XLES LN Equity,
CORP LN Equity,ISXF LN Equity,LQDE LN Equity,IESP LN Equity,IGLT LN Equity,IMEU LN Equity,VWRD LN Equity,IWDE LN Equity,ACWD LN Equity,XLVS LN Equity,
ISXF LN Equity,LQDE LN Equity,IITB LN Equity,IESP LN Equity,IGLT LN Equity,IUKP LN Equity,IWDE LN Equity,XLKS LN Equity,IGUS LN Equity,XLVS LN Equity,
ISXF LN Equity,LQDE LN Equity,IITB LN Equity,IESP LN Equity,IGLT LN Equity,IUSE LN Equity,IEUX LN Equity,EUN LN Equity,XLVS LN Equity,DEL2 LN Equity,
ISXF LN Equity,LQDE LN Equity,IITB LN Equity,IESP LN Equity,IGLT LN Equity,IWDE LN Equity,IOGP LN Equity,IGUS LN Equity,XLVS LN Equity,DEL2 LN Equity,
ISXF LN Equity,IITB LN Equity,IESP LN Equity,IGLT LN Equity,IBCI LN Equity,IUSE LN Equity,IWDE LN Equity,XLIS LN Equity,XLVS LN Equity,IGWD LN Equity,
ISXF LN Equity,IITB LN Equity,IESP LN Equity,IGLT LN Equity,IBCI LN Equity,IUKP LN Equity,IWDE LN Equity,XLKS LN Equity,XLVS LN Equity,SUK2 LN Equity,
ISXF LN Equity,LQDE LN Equity,IITB LN Equity,IESP LN Equity,IGLT LN Equity,IUSE LN Equity,IWDE LN Equity,IGUS LN Equity,XLVS LN Equity,SUK2 LN Equity,
ISXF LN Equity,LQDE LN Equity,IITB LN Equity,IESP LN Equity,IGLT LN Equity,IUSE LN Equity,IUKP LN Equity,IWDE LN Equity,XLVS LN Equity,SUK2 LN Equity,
ISXF LN Equity,LQDE LN Equity,IITB LN Equity,IESP LN Equity,IGLT LN Equity,IUKP LN Equity,IWDE LN Equity,XLKS LN Equity,XLVS LN Equity,SUK2 LN Equity,
ISXF LN Equity,LQDE LN Equity,IITB LN Equity,IESP LN Equity,IBCI LN Equity,IUKP LN Equity,XLFS LN Equity,XLKS LN Equity,XLVS LN Equity,DEL2 LN Equity,
ISXF LN Equity,LQDE LN Equity,IITB LN Equity,IGLT LN Equity,IBTS LN Equity,IUSA LN Equity,SPMV LN Equity,IUKP LN Equity,XLFS LN Equity,XLVS LN Equity,
ISXF LN Equity,LQDE LN Equity,IITB LN Equity,IESP LN Equity,IGLT LN Equity,MVEU LN Equity,IWDE LN Equity,IGUS LN Equity,XLVS LN Equity,DEL2 LN Equity,
ISXF LN Equity,LQDE LN Equity,IITB LN Equity,IESP LN Equity,IGLT LN Equity,IUKP LN Equity,IDVY LN Equity,IWDE LN Equity,IGUS LN Equity,XLVS LN Equity,
ISXF LN Equity,LQDE LN Equity,IITB LN Equity,IESP LN Equity,IGLT LN Equity,IDP6 LN Equity,IUKP LN Equity,XLKS LN Equity,XLVS LN Equity,DEL2 LN Equity,
CORP LN Equity,ISXF LN Equity,LQDE LN Equity,IESP LN Equity,IGLT LN Equity,IUKP LN Equity,FXC LN Equity,IGUS LN Equity,XLVS LN Equity,DEL2 LN Equity,
CORP LN Equity,ISXF LN Equity,LQDE LN Equity,IESP LN Equity,IGLT LN Equity,IUSA LN Equity,XLFS LN Equity,FXC LN Equity,XLVS LN Equity,DEL2 LN Equity,
ISXF LN Equity,LQDE LN Equity,IITB LN Equity,IESP LN Equity,IGLT LN Equity,IDVY LN Equity,FXC LN Equity,XLIS LN Equity,XLVS LN Equity,DEL2 LN Equity,
CORP LN Equity,ISXF LN Equity,IESP LN Equity,IGLT LN Equity,IBTS LN Equity,IUSA LN Equity,INAA LN Equity,FXC LN Equity,XLVS LN Equity,DEL2 LN Equity,
ISXF LN Equity,LQDE LN Equity,IESP LN Equity,IGLT LN Equity,IBCI LN Equity,IUSA LN Equity,SWDA LN Equity,XLIS LN Equity,XLVS LN Equity,DEL2 LN Equity,
ISXF LN Equity,LQDE LN Equity,IITB LN Equity,IESP LN Equity,IGLT LN Equity,UDVD LN Equity,INAA LN Equity,SPY4 LN Equity,XLKS LN Equity,DEL2 LN Equity,
CORP LN Equity,ISXF LN Equity,LQDE LN Equity,IESP LN Equity,IGLT LN Equity,SWDA LN Equity,IPRP LN Equity,SPY4 LN Equity,ACWD LN Equity,DEL2 LN Equity,
CORP LN Equity,ISXF LN Equity,LQDE LN Equity,IITB LN Equity,IGLT LN Equity,SWDA LN Equity,VWRD LN Equity,XLVS LN Equity,HPRO LN Equity,DEL2 LN Equity,
CORP LN Equity,ISXF LN Equity,LQDE LN Equity,IGLT LN Equity,IBCI LN Equity,ISF LN Equity,XLKS LN Equity,FXC LN Equity,ACWD LN Equity,DEL2 LN Equity,
CORP LN Equity,ISXF LN Equity,LQDE LN Equity,IGLT LN Equity,IBCI LN Equity,SWDA LN Equity,ISF LN Equity,VWRD LN Equity,XLKS LN Equity,XLIS LN Equity,
CORP LN Equity,ISXF LN Equity,LQDE LN Equity,IESP LN Equity,IGLT LN Equity,ISF LN Equity,IUKD LN Equity,XLKS LN Equity,ACWD LN Equity,IGWD LN Equity,
CORP LN Equity,ISXF LN Equity,LQDE LN Equity,IGLT LN Equity,IBTS LN Equity,MVEU LN Equity,IDVY LN Equity,SPY4 LN Equity,XLKS LN Equity,IGUS LN Equity,
CORP LN Equity,ISXF LN Equity,IESP LN Equity,IGLT LN Equity,IBTS LN Equity,SWDA LN Equity,VUKE LN Equity,SPY4 LN Equity,IGUS LN Equity,XLVS LN Equity,
CORP LN Equity,ISXF LN Equity,LQDE LN Equity,IGLT LN Equity,IBTS LN Equity,IEUX LN Equity,MVEU LN Equity,IDVY LN Equity,IGUS LN Equity,XLVS LN Equity,
CORP LN Equity,ISXF LN Equity,LQDE LN Equity,IGLT LN Equity,IBTS LN Equity,MVEU LN Equity,IUKP LN Equity,IGUS LN Equity,XLVS LN Equity,DEL2 LN Equity,
CORP LN Equity,ISXF LN Equity,LQDE LN Equity,IGLT LN Equity,IBTS LN Equity,SPMV LN Equity,IUKP LN Equity,XLKS LN Equity,IGUS LN Equity,XLVS LN Equity,
IBGX LN Equity,CORP LN Equity,ISXF LN Equity,LQDE LN Equity,IGLT LN Equity,IUKP LN Equity,XLKS LN Equity,XLVS LN Equity,IGWD LN Equity,DEL2 LN Equity,
CORP LN Equity,ISXF LN Equity,LQDE LN Equity,IITB LN Equity,IGLT LN Equity,IUKP LN Equity,XLKS LN Equity,IGUS LN Equity,XLVS LN Equity,DEL2 LN Equity,
CORP LN Equity,ISXF LN Equity,LQDE LN Equity,IITB LN Equity,IGLT LN Equity,IJPE LN Equity,IUKP LN Equity,XLKS LN Equity,XLVS LN Equity,DEL2 LN Equity,
CORP LN Equity,ISXF LN Equity,IITB LN Equity,IGLT LN Equity,IBTS LN Equity,SPMV LN Equity,IUKP LN Equity,SPY4 LN Equity,IUSP LN Equity,XLVS LN Equity,
CORP LN Equity,ISXF LN Equity,LQDE LN Equity,IGLT LN Equity,IBTS LN Equity,IUSA LN Equity,VUKE LN Equity,INAA LN Equity,XLIS LN Equity,XLVS LN Equity,
CORP LN Equity,ISXF LN Equity,LQDE LN Equity,IGLT LN Equity,IBTS LN Equity,IUSA LN Equity,IUKP LN Equity,SPY4 LN Equity,XLES LN Equity,XLVS LN Equity,
ISXF LN Equity,LQDE LN Equity,IITB LN Equity,IGLT LN Equity,IBTS LN Equity,IUSA LN Equity,MVEU LN Equity,IUKP LN Equity,XLKS LN Equity,XLVS LN Equity,
CORP LN Equity,ISXF LN Equity,LQDE LN Equity,IGLT LN Equity,IBTS LN Equity,IUSA LN Equity,IUKP LN Equity,XLFS LN Equity,XLKS LN Equity,XLVS LN Equity,
CORP LN Equity,ISXF LN Equity,LQDE LN Equity,IGLT LN Equity,IBTS LN Equity,SPMV LN Equity,IUKP LN Equity,IUSP LN Equity,XLKS LN Equity,XLVS LN Equity,
CORP LN Equity,ISXF LN Equity,LQDE LN Equity,IGLT LN Equity,IBTS LN Equity,IWDP LN Equity,SPMV LN Equity,IUKP LN Equity,XLKS LN Equity,XLVS LN Equity,
CORP LN Equity,ISXF LN Equity,LQDE LN Equity,IITB LN Equity,IGLT LN Equity,IWDP LN Equity,IUKP LN Equity,IUSP LN Equity,XLKS LN Equity,XLVS LN Equity,
CORP LN Equity,ISXF LN Equity,LQDE LN Equity,IGLT LN Equity,IBTS LN Equity,IWDP LN Equity,IUKP LN Equity,SPY4 LN Equity,IUSP LN Equity,XLIS LN Equity,
CORP LN Equity,ISXF LN Equity,LQDE LN Equity,IGLT LN Equity,IBTS LN Equity,SPMV LN Equity,IUKP LN Equity,IDVY LN Equity,IUSP LN Equity,XLVS LN Equity,
CORP LN Equity,ISXF LN Equity,LQDE LN Equity,IGLT LN Equity,IBTS LN Equity,IUKP LN Equity,IUSP LN Equity,XLKS LN Equity,XLIS LN Equity,XLVS LN Equity,
CORP LN Equity,ISXF LN Equity,LQDE LN Equity,IGLT LN Equity,IBTS LN Equity,IUSA LN Equity,SPMV LN Equity,IUKP LN Equity,IUSP LN Equity,XLVS LN Equity,
CORP LN Equity,ISXF LN Equity,LQDE LN Equity,IGLT LN Equity,IBTS LN Equity,INAA LN Equity,SPY4 LN Equity,XLKS LN Equity,XLIS LN Equity,XLVS LN Equity,
CORP LN Equity,ISXF LN Equity,LQDE LN Equity,IGLT LN Equity,IBTS LN Equity,SPMV LN Equity,MVEU LN Equity,IUKP LN Equity,IUSP LN Equity,XLVS LN Equity,
CORP LN Equity,ISXF LN Equity,LQDE LN Equity,IGLT LN Equity,IBTS LN Equity,IUSA LN Equity,IWDP LN Equity,SPY4 LN Equity,XLKS LN Equity,XLIS LN Equity,
CORP LN Equity,ISXF LN Equity,LQDE LN Equity,IGLT LN Equity,IBTS LN Equity,IUKP LN Equity,SPY4 LN Equity,IUSP LN Equity,XLKS LN Equity,XLVS LN Equity,
CORP LN Equity,ISXF LN Equity,LQDE LN Equity,IGLT LN Equity,IBTS LN Equity,INAA LN Equity,IUKP LN Equity,XLFS LN Equity,XLKS LN Equity,XLIS LN Equity,
CORP LN Equity,ISXF LN Equity,LQDE LN Equity,IGLT LN Equity,IBTS LN Equity,SPMV LN Equity,SPY4 LN Equity,IUSP LN Equity,XLIS LN Equity,XLVS LN Equity,
CORP LN Equity,ISXF LN Equity,LQDE LN Equity,IGLT LN Equity,IBTS LN Equity,IUSA LN Equity,MVEU LN Equity,SPY4 LN Equity,IUSP LN Equity,XLVS LN Equity,
ISXF LN Equity,LQDE LN Equity,IITB LN Equity,IGLT LN Equity,IBTS LN Equity,IUSP LN Equity,XLKS LN Equity,IJPD LN Equity,IGUS LN Equity,XLVS LN Equity,
CORP LN Equity,ISXF LN Equity,LQDE LN Equity,IGLT LN Equity,IBTS LN Equity,IUSA LN Equity,INAA LN Equity,MVEU LN Equity,SPY4 LN Equity,XLIS LN Equity,
CORP LN Equity,ISXF LN Equity,LQDE LN Equity,IGLT LN Equity,IBTS LN Equity,IUKP LN Equity,XLFS LN Equity,SPY4 LN Equity,XLKS LN Equity,IJPD LN Equity,
CORP LN Equity,ISXF LN Equity,LQDE LN Equity,IGLT LN Equity,IBTS LN Equity,SPMV LN Equity,IUKP LN Equity,XLFS LN Equity,IUSP LN Equity,XLVS LN Equity,
CORP LN Equity,ISXF LN Equity,LQDE LN Equity,IGLT LN Equity,IBTS LN Equity,MVOL LN Equity,SPMV LN Equity,IUSP LN Equity,IJPD LN Equity,XLVS LN Equity,
CORP LN Equity,ISXF LN Equity,LQDE LN Equity,IGLT LN Equity,IBTS LN Equity,MVOL LN Equity,SPMV LN Equity,XLFS LN Equity,IUSP LN Equity,XLKS LN Equity,
CORP LN Equity,ISXF LN Equity,LQDE LN Equity,IGLT LN Equity,IBTS LN Equity,MVOL LN Equity,SPMV LN Equity,SPY4 LN Equity,XLKS LN Equity,XLVS LN Equity,
CORP LN Equity,ISXF LN Equity,LQDE LN Equity,IGLT LN Equity,IBTS LN Equity,IJPN LN Equity,MVOL LN Equity,SPMV LN Equity,IWDE LN Equity,XLVS LN Equity,
CORP LN Equity,ISXF LN Equity,LQDE LN Equity,IGLT LN Equity,IBTS LN Equity,IJPN LN Equity,MVEU LN Equity,VDJP LN Equity,IUSP LN Equity,XLVS LN Equity,
LQDE LN Equity,IITB LN Equity,IGLT LN Equity,IBTS LN Equity,IBCI LN Equity,IWDP LN Equity,MVOL LN Equity,IUSP LN Equity,XLVS LN Equity,SUK2 LN Equity,
CORP LN Equity,ISXF LN Equity,IITB LN Equity,IGLT LN Equity,IBTS LN Equity,MVOL LN Equity,SPMV LN Equity,XLKS LN Equity,IAUP LN Equity,XLVS LN Equity,
CORP LN Equity,ISXF LN Equity,LQDE LN Equity,IGLT LN Equity,IBTS LN Equity,MVOL LN Equity,SPMV LN Equity,IUSP LN Equity,XLKS LN Equity,XLVS LN Equity,
CORP LN Equity,ISXF LN Equity,IITB LN Equity,IGLT LN Equity,IBTS LN Equity,UDVD LN Equity,IJPN LN Equity,MVOL LN Equity,XLKS LN Equity,XLVS LN Equity,
CORP LN Equity,LQDE LN Equity,IITB LN Equity,IGLT LN Equity,IBTS LN Equity,UDVD LN Equity,IJPN LN Equity,MVOL LN Equity,VDJP LN Equity,IUSP LN Equity,
CORP LN Equity,ISXF LN Equity,LQDE LN Equity,IGLT LN Equity,IBTS LN Equity,SJPA LN Equity,MVOL LN Equity,XLKS LN Equity,IAUP LN Equity,XLVS LN Equity,
CORP LN Equity,ISXF LN Equity,LQDE LN Equity,IGLT LN Equity,IBTS LN Equity,IJPN LN Equity,IEUX LN Equity,VDJP LN Equity,XLKS LN Equity,XLVS LN Equity,
CORP LN Equity,ISXF LN Equity,IITB LN Equity,IGLT LN Equity,IBTS LN Equity,UDVD LN Equity,SPMV LN Equity,XLKS LN Equity,IJPD LN Equity,XLVS LN Equity,
CORP LN Equity,ISXF LN Equity,IITB LN Equity,IGLT LN Equity,IBTS LN Equity,MVOL LN Equity,SPMV LN Equity,IAUP LN Equity,EMAD LN Equity,XLVS LN Equity,
CORP LN Equity,ISXF LN Equity,LQDE LN Equity,IGLT LN Equity,IBTS LN Equity,UDVD LN Equity,MVOL LN Equity,SPMV LN Equity,IUSP LN Equity,XLVS LN Equity,
CORP LN Equity,ISXF LN Equity,LQDE LN Equity,IGLT LN Equity,IBTS LN Equity,MVOL LN Equity,SPMV LN Equity,IUSP LN Equity,IAUP LN Equity,XLVS LN Equity,
CORP LN Equity,ISXF LN Equity,LQDE LN Equity,IGLT LN Equity,IBTS LN Equity,UDVD LN Equity,MVOL LN Equity,SPMV LN Equity,XLKS LN Equity,XLVS LN Equity,
CORP LN Equity,ISXF LN Equity,LQDE LN Equity,IGLT LN Equity,IBTS LN Equity,UDVD LN Equity,SPMV LN Equity,IUSP LN Equity,XLKS LN Equity,XLVS LN Equity,
CORP LN Equity,ISXF LN Equity,LQDE LN Equity,IGLT LN Equity,IBTS LN Equity,MVOL LN Equity,SPMV LN Equity,IUSP LN Equity,IAUP LN Equity,XLVS LN Equity,
CORP LN Equity,ISXF LN Equity,IITB LN Equity,IGLT LN Equity,IBTS LN Equity,UDVD LN Equity,MVOL LN Equity,IAUP LN Equity,XLVS LN Equity,SUK2 LN Equity,
CORP LN Equity,ISXF LN Equity,LQDE LN Equity,IGLT LN Equity,IBTS LN Equity,IUSA LN Equity,IJPN LN Equity,SJPA LN Equity,VDJP LN Equity,IAUP LN Equity,
IEAC LN Equity,ISXF LN Equity,IITB LN Equity,IESP LN Equity,IGLT LN Equity,UDVD LN Equity,MVOL LN Equity,SPMV LN Equity,IUSP LN Equity,IAUP LN Equity,
CORP LN Equity,LQDE LN Equity,IITB LN Equity,IGLT LN Equity,IBTS LN Equity,IWDP LN Equity,MVEU LN Equity,VDJP LN Equity,IKOR LN Equity,IAUP LN Equity,
CORP LN Equity,LQDE LN Equity,IITB LN Equity,IESP LN Equity,IBTS LN Equity,UDVD LN Equity,SPMV LN Equity,SPY4 LN Equity,IUSP LN Equity,IKOR LN Equity,
CORP LN Equity,ISXF LN Equity,LQDE LN Equity,IGLT LN Equity,IBTS LN Equity,UDVD LN Equity,SPMV LN Equity,MVEU LN Equity,IKOR LN Equity,IAUP LN Equity,
CORP LN Equity,ISXF LN Equity,LQDE LN Equity,IGLT LN Equity,IBTS LN Equity,IWDP LN Equity,SPMV LN Equity,IUSP LN Equity,IKOR LN Equity,IAUP LN Equity,
CORP LN Equity,LQDE LN Equity,IITB LN Equity,IGLT LN Equity,IBTS LN Equity,UDVD LN Equity,IPRP LN Equity,MVOL LN Equity,SPMV LN Equity,IAUP LN Equity,
CORP LN Equity,ISXF LN Equity,LQDE LN Equity,IGLT LN Equity,IBTS LN Equity,UDVD LN Equity,MVOL LN Equity,SPMV LN Equity,XLKS LN Equity,IAUP LN Equity,
CORP LN Equity,ISXF LN Equity,LQDE LN Equity,IGLT LN Equity,IBTS LN Equity,IMEU LN Equity,IJPN LN Equity,SJPA LN Equity,SPMV LN Equity,VDJP LN Equity,
CORP LN Equity,ISXF LN Equity,LQDE LN Equity,IGLT LN Equity,IBTS LN Equity,UDVD LN Equity,IPRP LN Equity,SPMV LN Equity,IUSP LN Equity,IAUP LN Equity,
CORP LN Equity,ISXF LN Equity,LQDE LN Equity,IGLT LN Equity,IBTS LN Equity,UDVD LN Equity,IPRP LN Equity,MVOL LN Equity,SPMV LN Equity,IAUP LN Equity,
CORP LN Equity,ISXF LN Equity,LQDE LN Equity,IGLT LN Equity,IBTS LN Equity,IPRP LN Equity,MVOL LN Equity,SPMV LN Equity,XLKS LN Equity,IAUP LN Equity,
CORP LN Equity,ISXF LN Equity,LQDE LN Equity,IITB LN Equity,IBTS LN Equity,UDVD LN Equity,IPRP LN Equity,IDP6 LN Equity,SPY4 LN Equity,IAUP LN Equity,
CORP LN Equity,ISXF LN Equity,LQDE LN Equity,IITB LN Equity,IBTS LN Equity,UDVD LN Equity,SPMV LN Equity,SPY4 LN Equity,XLKS LN Equity,IAUP LN Equity,
CORP LN Equity,LQDE LN Equity,IITB LN Equity,IESP LN Equity,IBTS LN Equity,UDVD LN Equity,SJPA LN Equity,SPMV LN Equity,SPY4 LN Equity,IUSP LN Equity,
CORP LN Equity,LQDE LN Equity,IITB LN Equity,IESP LN Equity,IBTS LN Equity,UDVD LN Equity,IPRP LN Equity,MVOL LN Equity,SPMV LN Equity,XLKS LN Equity,
CORP LN Equity,LQDE LN Equity,IITB LN Equity,IESP LN Equity,IBTS LN Equity,IWDP LN Equity,IPRP LN Equity,SPMV LN Equity,IUSP LN Equity,XLKS LN Equity,
CORP LN Equity,LQDE LN Equity,IITB LN Equity,IESP LN Equity,IBTS LN Equity,UDVD LN Equity,MVOL LN Equity,SPMV LN Equity,XLKS LN Equity,IAUP LN Equity,
CORP LN Equity,LQDE LN Equity,IITB LN Equity,IESP LN Equity,IBTS LN Equity,SJPA LN Equity,VDJP LN Equity,XLKS LN Equity,LTAM LN Equity,IAUP LN Equity,
IBGX LN Equity,CORP LN Equity,LQDE LN Equity,IESP LN Equity,IBTS LN Equity,IWDP LN Equity,SPMV LN Equity,VDJP LN Equity,XLKS LN Equity,IAUP LN Equity,
IBGX LN Equity,CORP LN Equity,LQDE LN Equity,IESP LN Equity,IBTS LN Equity,SJPA LN Equity,SPMV LN Equity,VDJP LN Equity,XLFS LN Equity,IAUP LN Equity,
CORP LN Equity,LQDE LN Equity,IITB LN Equity,IESP LN Equity,IBTS LN Equity,IPRP LN Equity,SPMV LN Equity,SPY4 LN Equity,XLKS LN Equity,IAUP LN Equity,
CORP LN Equity,LQDE LN Equity,IITB LN Equity,IESP LN Equity,IBTS LN Equity,UDVD LN Equity,IDP6 LN Equity,SPY4 LN Equity,XLKS LN Equity,IAUP LN Equity,
IEAC LN Equity,CORP LN Equity,LQDE LN Equity,IESP LN Equity,IBTS LN Equity,IDP6 LN Equity,XLKS LN Equity,LTAM LN Equity,IAUP LN Equity,VERX LN Equity,
CORP LN Equity,LQDE LN Equity,IITB LN Equity,IESP LN Equity,IBTS LN Equity,UDVD LN Equity,SPMV LN Equity,SPY4 LN Equity,XLKS LN Equity,IAUP LN Equity,
CORP LN Equity,LQDE LN Equity,IITB LN Equity,IESP LN Equity,IBTS LN Equity,SPMV LN Equity,IDP6 LN Equity,XLFS LN Equity,XLKS LN Equity,IAUP LN Equity,
CORP LN Equity,LQDE LN Equity,IITB LN Equity,IESP LN Equity,IBTS LN Equity,IWDP LN Equity,IDP6 LN Equity,XLFS LN Equity,SPY4 LN Equity,XLKS LN Equity,
CORP LN Equity,LQDE LN Equity,IITB LN Equity,IESP LN Equity,IBTS LN Equity,UDVD LN Equity,IDP6 LN Equity,XLFS LN Equity,XLKS LN Equity,R2US LN Equity,
CORP LN Equity,LQDE LN Equity,IITB LN Equity,IESP LN Equity,IBTS LN Equity,IDP6 LN Equity,XLFS LN Equity,XLKS LN Equity,R2US LN Equity,IAUP LN Equity,
IEAC LN Equity,CORP LN Equity,LQDE LN Equity,IESP LN Equity,IBTS LN Equity,IPRP LN Equity,XLFS LN Equity,IUSP LN Equity,XLKS LN Equity,IAUP LN Equity,
IEAC LN Equity,CORP LN Equity,LQDE LN Equity,IESP LN Equity,IBTS LN Equity,UDVD LN Equity,IDP6 LN Equity,XLFS LN Equity,XLKS LN Equity,XLIS LN Equity,
IEAC LN Equity,CORP LN Equity,LQDE LN Equity,IESP LN Equity,IBTS LN Equity,IJPE LN Equity,IDP6 LN Equity,XLFS LN Equity,XLKS LN Equity,IAUP LN Equity,
IEAC LN Equity,CORP LN Equity,LQDE LN Equity,IESP LN Equity,IBTS LN Equity,SPMV LN Equity,IDP6 LN Equity,XLFS LN Equity,SPY4 LN Equity,XLKS LN Equity,
IEAC LN Equity,IBGX LN Equity,CORP LN Equity,LQDE LN Equity,IBTS LN Equity,IDP6 LN Equity,XLFS LN Equity,SPY4 LN Equity,IAUP LN Equity,XLIS LN Equity,
IEAC LN Equity,IBGX LN Equity,CORP LN Equity,LQDE LN Equity,IBTS LN Equity,UDVD LN Equity,IDP6 LN Equity,XLFS LN Equity,IAUP LN Equity,XLIS LN Equity,
IEAC LN Equity,CORP LN Equity,LQDE LN Equity,IESP LN Equity,IBTS LN Equity,IDP6 LN Equity,XLFS LN Equity,XLKS LN Equity,IAUP LN Equity,XLIS LN Equity,
IEAC LN Equity,IBGX LN Equity,CORP LN Equity,LQDE LN Equity,IBTS LN Equity,IUSA LN Equity,UDVD LN Equity,IDP6 LN Equity,XLFS LN Equity,XLIS LN Equity,
IEAC LN Equity,IBGX LN Equity,CORP LN Equity,LQDE LN Equity,IBTS LN Equity,IUSA LN Equity,UDVD LN Equity,XLFS LN Equity,XLKS LN Equity,XLIS LN Equity,
IEAC LN Equity,IBGX LN Equity,CORP LN Equity,LQDE LN Equity,IBTS LN Equity,UDVD LN Equity,IUKP LN Equity,XLFS LN Equity,XLKS LN Equity,XLIS LN Equity,
IEAC LN Equity,IBGX LN Equity,CORP LN Equity,LQDE LN Equity,IBTS LN Equity,IDP6 LN Equity,XLFS LN Equity,XLKS LN Equity,IAUP LN Equity,XLIS LN Equity,
IEAC LN Equity,IBGX LN Equity,CORP LN Equity,LQDE LN Equity,IESP LN Equity,XLFS LN Equity,SPY4 LN Equity,XLKS LN Equity,IKOR LN Equity,XLIS LN Equity,
IEAC LN Equity,CORP LN Equity,LQDE LN Equity,IESP LN Equity,IBTS LN Equity,MSEU LN Equity,IDP6 LN Equity,XLFS LN Equity,XLKS LN Equity,SBIO LN Equity,
IEAC LN Equity,IBGX LN Equity,CORP LN Equity,LQDE LN Equity,IBTS LN Equity,SPMV LN Equity,IDP6 LN Equity,XLFS LN Equity,XLKS LN Equity,IAUP LN Equity,
IEAC LN Equity,CORP LN Equity,LQDE LN Equity,IESP LN Equity,IBTS LN Equity,UDVD LN Equity,IDP6 LN Equity,XLFS LN Equity,XLKS LN Equity,XLIS LN Equity,
IEAC LN Equity,CORP LN Equity,LQDE LN Equity,IESP LN Equity,IGLT LN Equity,IPRP LN Equity,SPMV LN Equity,SPY4 LN Equity,XLKS LN Equity,MLPD LN Equity,
IEAC LN Equity,IBGX LN Equity,CORP LN Equity,LQDE LN Equity,IESP LN Equity,INAA LN Equity,IPRP LN Equity,XLKS LN Equity,XLIS LN Equity,DEL2 LN Equity,
IEAC LN Equity,CORP LN Equity,LQDE LN Equity,IITB LN Equity,IESP LN Equity,MVOL LN Equity,IUSP LN Equity,IMIB LN Equity,IEVL LN Equity,UK3S LN Equity,
IEAC LN Equity,CORP LN Equity,LQDE LN Equity,IITB LN Equity,IESP LN Equity,UDVD LN Equity,XLKS LN Equity,LTAM LN Equity,IKOR LN Equity,IAUP LN Equity,
IEAC LN Equity,CORP LN Equity,LQDE LN Equity,IITB LN Equity,IESP LN Equity,SPMV LN Equity,IUSP LN Equity,XLKS LN Equity,IKOR LN Equity,IAUP LN Equity,
IEAC LN Equity,CORP LN Equity,LQDE LN Equity,IITB LN Equity,IESP LN Equity,MVOL LN Equity,SPMV LN Equity,LTAM LN Equity,IAUP LN Equity,DEL2 LN Equity,
IEAC LN Equity,CORP LN Equity,LQDE LN Equity,IITB LN Equity,IESP LN Equity,UDVD LN Equity,XLKS LN Equity,IKOR LN Equity,IAUP LN Equity,XLIS LN Equity,
IEAC LN Equity,IBGX LN Equity,CORP LN Equity,LQDE LN Equity,IESP LN Equity,UDVD LN Equity,IKOR LN Equity,IAUP LN Equity,XLIS LN Equity,GDX LN Equity,
IEAC LN Equity,CORP LN Equity,LQDE LN Equity,IITB LN Equity,IESP LN Equity,UDVD LN Equity,IDP6 LN Equity,IKOR LN Equity,IAUP LN Equity,GDX LN Equity,
IEAC LN Equity,CORP LN Equity,LQDE LN Equity,IITB LN Equity,IESP LN Equity,XLKS LN Equity,IKOR LN Equity,IAUP LN Equity,XLIS LN Equity,GDX LN Equity,
IEAC LN Equity,IBGX LN Equity,CORP LN Equity,LQDE LN Equity,IESP LN Equity,ISF LN Equity,SPMV LN Equity,IKOR LN Equity,IAUP LN Equity,GDX LN Equity,
IEAC LN Equity,IBGX LN Equity,CORP LN Equity,LQDE LN Equity,IESP LN Equity,INAA LN Equity,IKOR LN Equity,IAUP LN Equity,GDX LN Equity,DEL2 LN Equity,
IEAC LN Equity,CORP LN Equity,LQDE LN Equity,IESP LN Equity,IBCI LN Equity,MVOL LN Equity,IUSP LN Equity,IAUP LN Equity,GDX LN Equity,DEL2 LN Equity,
